encoder,quality,img_id,bytes,wall_s,user_s,sys_s,max_rss_kb
webp,60,img011,814438,1.980,1.940,0.050,78848
webp,75,img011,1023122,2.010,1.990,0.060,78976
webp,90,img011,2198030,2.330,2.270,0.070,78976
avif,28,img011,192610,0.620,1.080,0.120,214164
avif,36,img011,290091,0.930,1.280,0.100,218568
avif,44,img011,434383,0.730,1.410,0.100,224152
jxl,30,img011,439746,0.600,0.800,0.250,582840
jxl,50,img011,600296,0.580,0.850,0.250,587068
jxl,70,img011,879468,0.650,0.900,0.280,595744
jxl,90,img011,1903628,0.590,0.920,0.250,615736
webp,60,img012,658800,2.270,2.150,0.050,98944
webp,75,img012,883822,2.220,2.220,0.050,99072
webp,90,img012,2161666,2.650,2.630,0.070,99072
avif,28,img012,120072,0.590,0.800,0.110,275436
avif,36,img012,188630,0.620,0.880,0.120,279784
avif,44,img012,299395,0.670,1.060,0.130,284268
jxl,30,img012,364073,0.720,1.060,0.310,739356
jxl,50,img012,500452,0.720,1.140,0.280,743212
jxl,70,img012,912880,0.730,1.130,0.320,759524
jxl,90,img012,1615863,0.860,1.200,0.420,769272
webp,60,img013,1820136,2.920,2.650,0.130,107776
webp,75,img013,2201344,3.000,2.900,0.100,107776
webp,90,img013,4652360,3.150,3.140,0.080,118260
avif,28,img013,485853,1.070,2.410,0.150,276396
avif,36,img013,706849,1.430,3.550,0.230,279980
avif,44,img013,1034793,1.460,3.730,0.150,284072
jxl,30,img013,938421,0.870,1.210,0.320,760680
jxl,50,img013,1268574,0.960,1.250,0.360,769048
jxl,70,img013,1856348,0.980,1.420,0.400,787144
jxl,90,img013,3902301,0.930,1.490,0.370,829120
webp,60,img014,2814158,2.300,2.140,0.070,82688
webp,75,img014,3300780,2.280,2.210,0.080,89368
webp,90,img014,5358120,2.620,2.550,0.100,129692
avif,28,img014,1003320,0.870,1.990,0.100,206024
avif,36,img014,1500533,1.060,2.610,0.120,209736
avif,44,img014,2094128,1.370,3.300,0.130,212424
jxl,30,img014,1195216,0.650,0.990,0.250,564012
jxl,50,img014,1644560,0.700,1.050,0.260,573828
jxl,70,img014,2373546,0.620,1.030,0.240,589488
jxl,90,img014,4299767,0.660,1.130,0.250,618564
webp,60,img015,1014834,2.840,2.600,0.050,118656
webp,75,img015,1410406,2.860,2.780,0.090,118528
webp,90,img015,3407100,3.210,3.190,0.090,118528
avif,28,img015,71177,0.710,0.860,0.170,292116
avif,36,img015,147798,0.740,0.990,0.150,298892
avif,44,img015,362796,0.770,1.050,0.150,308112
jxl,30,img015,313431,0.850,1.220,0.390,878996
jxl,50,img015,529208,0.870,1.340,0.370,888076
jxl,70,img015,997104,0.860,1.350,0.360,906356
jxl,90,img015,2731139,0.970,1.530,0.410,945276
webp,60,img016,723280,2.060,2.000,0.060,95232
webp,75,img016,919110,2.070,2.070,0.040,95488
webp,90,img016,2179498,2.510,2.490,0.070,95360
avif,28,img016,151047,0.550,0.770,0.130,252612
avif,36,img016,259022,0.620,0.970,0.120,259008
avif,44,img016,417794,0.770,1.330,0.140,266696
jxl,30,img016,410899,0.650,0.950,0.280,710536
jxl,50,img016,576737,0.630,0.930,0.260,715480
jxl,70,img016,850363,0.650,0.950,0.280,722080
jxl,90,img016,2007938,0.680,1.030,0.290,748964
webp,60,img017,685038,2.280,2.150,0.060,105984
webp,75,img017,896700,2.240,2.230,0.060,105984
webp,90,img017,2196736,2.620,2.600,0.070,105984
avif,28,img017,213833,0.620,0.960,0.130,310804
avif,36,img017,367782,0.670,1.150,0.120,316172
avif,44,img017,572829,0.740,1.340,0.140,326548
jxl,30,img017,327544,0.680,0.990,0.300,809908
jxl,50,img017,462558,0.680,0.980,0.310,814352
jxl,70,img017,730920,0.700,1.040,0.310,822568
jxl,90,img017,1920941,0.740,1.130,0.320,853020
webp,60,img018,2284548,3.610,3.340,0.100,147072
webp,75,img018,2907664,3.530,3.500,0.100,147072
webp,90,img018,6090846,7.050,6.910,0.210,158172
avif,28,img018,494008,0.980,1.800,0.170,375136
avif,36,img018,774225,1.140,2.340,0.180,381140
avif,44,img018,1214783,1.310,3.010,0.180,387936
jxl,30,img018,991380,1.210,1.620,0.430,1032928
jxl,50,img018,1392534,1.030,1.540,0.470,1044476
jxl,70,img018,2139011,1.220,1.850,0.480,1068784
jxl,90,img018,4842958,1.280,1.970,0.570,1126400
webp,60,img019,3652498,3.480,3.140,0.130,116608
webp,75,img019,4301580,3.330,3.250,0.130,116608
webp,90,img019,7114812,3.520,3.390,0.170,172364
avif,28,img019,893044,0.660,1.050,0.130,263164
avif,36,img019,1631171,0.740,1.300,0.130,273660
avif,44,img019,2495285,0.840,1.600,0.130,287744
jxl,30,img019,1247662,0.710,1.100,0.320,816668
jxl,50,img019,1909047,0.720,1.150,0.320,834708
jxl,70,img019,2995608,0.860,1.350,0.360,857924
jxl,90,img019,5652470,0.840,1.470,0.370,892720
webp,60,img020,9485480,22.870,21.660,0.560,273152
webp,75,img020,11065914,22.480,22.110,0.480,295436
webp,90,img020,17706344,23.760,22.950,0.920,432572
avif,28,img020,2778651,2.640,6.440,0.330,670532
avif,36,img020,4340653,3.340,8.850,0.350,681668
avif,44,img020,5976573,3.740,10.630,0.350,690884
jxl,30,img020,3873604,1.910,2.990,0.720,1899520
jxl,50,img020,6002506,1.980,3.130,0.790,1957504
jxl,70,img020,7751802,2.050,3.290,0.810,1984060
jxl,90,img020,11113204,2.120,3.450,0.810,2020376
webp,60,img021,470214,1.710,1.610,0.030,77184
webp,75,img021,607598,1.680,1.690,0.030,77312
webp,90,img021,1765502,1.960,1.930,0.060,77312
avif,28,img021,113422,0.520,0.800,0.110,189600
avif,36,img021,168620,0.570,0.990,0.090,193832
avif,44,img021,246971,0.610,1.180,0.100,202400
jxl,30,img021,286761,0.540,0.790,0.240,561792
jxl,50,img021,377771,0.580,0.820,0.240,564372
jxl,70,img021,554531,0.550,0.820,0.240,568692
jxl,90,img021,1565641,0.590,0.950,0.240,599496
webp,60,img022,92042,0.970,0.920,0.030,51584
webp,75,img022,120344,0.950,0.940,0.040,51712
webp,90,img022,385302,1.110,1.110,0.030,51584
avif,28,img022,15229,0.260,0.310,0.070,166092
avif,36,img022,21538,0.250,0.310,0.060,170572
avif,44,img022,34431,0.270,0.340,0.070,175948
jxl,30,img022,57059,0.330,0.520,0.160,416440
jxl,50,img022,73968,0.340,0.530,0.170,416956
jxl,70,img022,114596,0.350,0.590,0.170,417728
jxl,90,img022,353310,0.350,0.550,0.180,424120
webp,60,img023,1046326,2.150,1.830,0.040,80384
webp,75,img023,1430760,2.090,2.080,0.050,80384
webp,90,img023,3123358,2.420,2.400,0.070,88792
avif,28,img023,54945,0.410,0.540,0.080,196348
avif,36,img023,94777,0.430,0.630,0.080,204928
avif,44,img023,286480,0.490,0.770,0.110,215940
jxl,30,img023,173800,0.460,0.680,0.220,582312
jxl,50,img023,294217,0.470,0.680,0.240,588480
jxl,70,img023,697429,0.500,0.810,0.210,609220
jxl,90,img023,2184115,0.590,0.910,0.230,646748
webp,60,img024,457810,2.330,2.070,0.050,100480
webp,75,img024,577484,2.140,2.130,0.060,100608
webp,90,img024,1735260,2.510,2.480,0.070,100608
avif,28,img024,97949,0.700,0.890,0.120,278184
avif,36,img024,142295,0.650,0.920,0.130,282024
avif,44,img024,203705,0.690,1.080,0.120,285100
jxl,30,img024,293702,0.720,0.970,0.280,750868
jxl,50,img024,385060,0.700,1.000,0.270,752116
jxl,70,img024,555228,0.700,0.990,0.290,755940
jxl,90,img024,1667126,0.740,1.110,0.270,789220
webp,60,img025,1192956,2.800,2.620,0.070,123264
webp,75,img025,1424558,2.680,2.680,0.070,123136
webp,90,img025,2825396,3.020,3.000,0.080,123136
avif,28,img025,624569,1.030,2.020,0.170,371344
avif,36,img025,1005893,1.220,2.720,0.160,376856
avif,44,img025,1434709,1.470,3.340,0.170,385428
jxl,30,img025,707142,0.930,1.320,0.380,938772
jxl,50,img025,933716,0.860,1.260,0.360,943460
jxl,70,img025,1307484,0.960,1.390,0.420,952224
jxl,90,img025,2579823,0.960,1.460,0.400,975376
webp,60,img026,1030060,2.790,2.590,0.090,118400
webp,75,img026,1291394,2.700,2.710,0.050,118528
webp,90,img026,2626880,2.980,2.960,0.080,118528
avif,28,img026,239437,0.830,1.580,0.130,290120
avif,36,img026,350383,0.920,1.910,0.150,301000
avif,44,img026,548036,0.970,2.120,0.150,314948
jxl,30,img026,584735,0.790,1.170,0.330,893172
jxl,50,img026,932956,0.810,1.170,0.350,906356
jxl,70,img026,1241714,0.820,1.180,0.360,911172
jxl,90,img026,1811295,0.820,1.220,0.340,917288
webp,60,img027,345654,1.550,1.530,0.030,76800
webp,75,img027,488320,1.590,1.600,0.020,76800
webp,90,img027,1492514,1.870,1.850,0.060,76928
avif,28,img027,29450,0.390,0.470,0.070,181292
avif,36,img027,47423,0.390,0.480,0.070,187952
avif,44,img027,91766,0.410,0.530,0.080,198320
jxl,30,img027,130818,0.520,0.730,0.190,567968
jxl,50,img027,194877,0.590,0.830,0.250,570040
jxl,70,img027,363708,0.530,0.760,0.220,577136
jxl,90,img027,1218069,0.580,0.840,0.270,602320
webp,60,img028,444750,2.840,2.670,0.050,129280
webp,75,img028,687238,2.760,2.760,0.060,129408
webp,90,img028,2306098,3.340,3.340,0.070,129408
avif,28,img028,50303,0.660,0.810,0.140,330696
avif,36,img028,74266,0.690,0.920,0.150,337860
avif,44,img028,116424,0.760,0.980,0.180,351432
jxl,30,img028,206139,0.900,1.380,0.420,1004748
jxl,50,img028,293480,0.910,1.330,0.410,1006808
jxl,70,img028,542066,0.880,1.300,0.380,1016264
jxl,90,img028,2025583,0.930,1.450,0.380,1060648
webp,60,img029,426136,1.600,1.580,0.040,78976
webp,75,img029,580172,1.630,1.640,0.030,78848
webp,90,img029,1632834,2.090,2.120,0.070,78720
avif,28,img029,74651,0.460,0.590,0.090,206608
avif,36,img029,116359,0.490,0.680,0.100,211868
avif,44,img029,182378,0.520,0.820,0.090,217496
jxl,30,img029,221106,0.550,0.830,0.250,574148
jxl,50,img029,305075,0.520,0.750,0.220,576596
jxl,70,img029,478666,0.540,0.810,0.220,581888
jxl,90,img029,1379717,0.630,0.920,0.260,608680
webp,60,img030,992996,1.420,1.330,0.030,60416
webp,75,img030,1183958,1.400,1.380,0.050,60672
webp,90,img030,2165654,1.590,1.570,0.050,62596
avif,28,img030,699194,0.750,1.610,0.090,174380
avif,36,img030,941950,0.710,1.610,0.070,175276
avif,44,img030,1175435,0.760,1.820,0.070,177960
jxl,30,img030,498199,0.420,0.670,0.180,454320
jxl,50,img030,678487,0.440,0.670,0.200,459184
jxl,70,img030,987283,0.440,0.700,0.200,466604
jxl,90,img030,1819212,0.460,0.750,0.200,480048
webp,60,img031,693472,4.180,3.950,0.140,209792
webp,75,img031,834644,4.160,4.180,0.110,209920
webp,90,img031,1892260,4.600,4.640,0.090,209920
avif,28,img031,165874,1.170,1.710,0.270,603088
avif,36,img031,281949,1.250,2.030,0.270,611276
avif,44,img031,501594,1.400,2.420,0.260,626128
jxl,30,img031,439842,1.390,2.150,0.670,1740384
jxl,50,img031,566596,1.430,2.300,0.670,1743004
jxl,70,img031,779540,1.410,2.250,0.660,1747872
jxl,90,img031,1815047,1.400,2.150,0.660,1771436
webp,60,img032,172634,1.840,1.760,0.050,93824
webp,75,img032,210660,1.940,1.940,0.050,93824
webp,90,img032,630380,2.430,2.430,0.060,93696
avif,28,img032,35599,0.560,0.670,0.150,282748
avif,36,img032,49152,0.570,0.680,0.130,288512
avif,44,img032,68566,0.570,0.770,0.140,297728
jxl,30,img032,137891,0.640,0.970,0.290,746916
jxl,50,img032,172228,0.720,1.070,0.310,747416
jxl,70,img032,234609,0.830,1.150,0.390,748392
jxl,90,img032,740028,0.840,1.160,0.410,762660
webp,60,img033,492334,3.160,3.050,0.100,140800
webp,75,img033,778976,3.370,3.100,0.270,140928
webp,90,img033,2998334,4.010,3.950,0.130,140928
avif,28,img033,57976,0.780,0.950,0.170,348668
avif,36,img033,82458,0.960,1.160,0.220,357760
avif,44,img033,121024,1.010,1.210,0.250,373248
jxl,30,img033,209272,1.420,1.730,0.510,1086940
jxl,50,img033,286816,1.260,1.580,0.610,1088392
jxl,70,img033,538126,1.270,1.810,0.530,1099312
jxl,90,img033,2389275,1.290,1.990,0.600,1160620
webp,60,img034,2138394,3.560,3.230,0.120,126080
webp,75,img034,2889004,3.340,3.310,0.080,126208
webp,90,img034,6070486,3.880,3.800,0.140,153032
avif,28,img034,53141,0.700,0.840,0.130,284420
avif,36,img034,147645,1.220,1.360,0.230,300972
avif,44,img034,707621,0.950,1.380,0.180,312156
jxl,30,img034,408763,0.850,1.250,0.360,855664
jxl,50,img034,759896,1.330,1.480,0.440,874800
jxl,70,img034,1630561,1.560,1.730,0.410,915296
jxl,90,img034,4410560,1.660,1.800,0.440,971524
webp,60,img035,333678,1.370,1.260,0.030,56064
webp,75,img035,406786,1.280,1.260,0.030,56320
webp,90,img035,877068,1.530,1.480,0.050,56320
avif,28,img035,107665,0.510,0.520,0.090,167260
avif,36,img035,196977,0.680,0.690,0.090,171188
avif,44,img035,312076,0.650,0.760,0.100,176348
jxl,30,img035,179261,0.550,0.600,0.210,431696
jxl,50,img035,242614,0.500,0.690,0.230,432896
jxl,70,img035,362058,0.430,0.610,0.210,435784
jxl,90,img035,796715,0.500,0.730,0.250,444496
webp,60,img036,139706,1.370,1.300,0.020,57216
webp,75,img036,177908,1.410,1.320,0.050,57344
webp,90,img036,480302,1.380,1.340,0.040,57344
avif,28,img036,34863,0.340,0.450,0.080,174496
avif,36,img036,56611,0.360,0.530,0.070,177952
avif,44,img036,96987,0.380,0.570,0.080,183204
jxl,30,img036,91980,0.380,0.570,0.210,450300
jxl,50,img036,119147,0.380,0.560,0.200,450676
jxl,70,img036,175138,0.400,0.580,0.180,451576
jxl,90,img036,519430,0.410,0.660,0.190,462332
webp,60,img037,143564,1.470,1.370,0.030,66304
webp,75,img037,183432,1.320,1.320,0.040,66432
webp,90,img037,695842,1.680,1.660,0.050,66304
avif,28,img037,25302,0.360,0.430,0.080,165440
avif,36,img037,37220,0.350,0.440,0.080,170428
avif,44,img037,54746,0.380,0.490,0.070,175036
jxl,30,img037,98433,0.520,0.750,0.250,504132
jxl,50,img037,130737,0.490,0.720,0.220,504680
jxl,70,img037,190015,0.490,0.750,0.200,505840
jxl,90,img037,747475,0.510,0.770,0.250,526448
webp,60,img038,216950,2.030,1.920,0.060,99968
webp,75,img038,270560,1.950,1.970,0.040,99968
webp,90,img038,655686,2.160,2.170,0.050,99968
avif,28,img038,43769,0.550,0.740,0.130,304168
avif,36,img038,61863,0.620,0.920,0.150,312612
avif,44,img038,91552,0.610,0.910,0.140,322848
jxl,30,img038,142914,0.690,1.100,0.330,824300
jxl,50,img038,181276,0.680,1.080,0.320,824940
jxl,70,img038,263020,0.690,1.110,0.340,826116
jxl,90,img038,671188,0.700,1.120,0.340,835396
webp,60,img039,210838,1.360,1.280,0.040,67584
webp,75,img039,261848,1.340,1.340,0.040,67712
webp,90,img039,665308,1.510,1.510,0.040,67584
avif,28,img039,44734,0.380,0.480,0.090,211076
avif,36,img039,66347,0.400,0.520,0.100,215172
avif,44,img039,98340,0.430,0.620,0.090,221444
jxl,30,img039,142422,0.470,0.740,0.210,522892
jxl,50,img039,189368,0.470,0.740,0.210,524192
jxl,70,img039,271609,0.470,0.710,0.240,525384
jxl,90,img039,714630,0.500,0.800,0.190,537604
webp,60,img040,1371020,1.510,1.350,0.040,51840
webp,75,img040,1692188,1.380,1.350,0.050,53420
webp,90,img040,2990340,1.540,1.510,0.050,81456
avif,28,img040,26790,0.260,0.330,0.060,120276
avif,36,img040,142638,0.350,0.510,0.050,132436
avif,44,img040,650049,0.410,0.570,0.070,135896
jxl,30,img040,159427,0.350,0.520,0.150,360124
jxl,50,img040,385263,0.360,0.540,0.170,375740
jxl,70,img040,903736,0.410,0.630,0.200,397496
jxl,90,img040,2156663,0.500,0.800,0.250,413756
webp,60,img041,325866,2.370,2.230,0.060,104448
webp,75,img041,446152,2.150,2.140,0.060,104448
webp,90,img041,1717702,2.620,2.610,0.060,104448
avif,28,img041,56935,0.550,0.670,0.140,268472
avif,36,img041,91106,0.560,0.740,0.130,274620
avif,44,img041,142735,0.590,0.830,0.110,284856
jxl,30,img041,190646,0.730,1.120,0.320,805484
jxl,50,img041,253171,0.730,1.090,0.340,807444
jxl,70,img041,397472,0.750,1.160,0.340,810992
jxl,90,img041,1545500,0.790,1.270,0.360,848372
webp,60,img042,2177362,2.320,2.150,0.060,86144
webp,75,img042,2616604,2.260,2.230,0.070,86144
webp,90,img042,4797012,2.520,2.490,0.060,123496
avif,28,img042,193631,0.500,0.740,0.110,206996
avif,36,img042,534159,0.580,0.980,0.110,215060
avif,44,img042,1113114,0.680,1.250,0.130,223124
jxl,30,img042,496227,0.570,0.870,0.290,597304
jxl,50,img042,909374,0.690,1.150,0.330,616680
jxl,70,img042,1658357,0.620,1.020,0.290,639916
jxl,90,img042,3508232,0.650,1.070,0.310,661732
webp,60,img043,203434,1.550,1.540,0.040,79872
webp,75,img043,253632,1.580,1.590,0.030,79872
webp,90,img043,781846,1.840,1.840,0.050,79872
avif,28,img043,43810,0.450,0.620,0.090,212728
avif,36,img043,59828,0.480,0.690,0.110,217720
avif,44,img043,82823,0.490,0.750,0.100,225788
jxl,30,img043,146385,0.570,0.860,0.290,624132
jxl,50,img043,179577,0.570,0.860,0.300,624644
jxl,70,img043,252680,0.570,0.830,0.310,625960
jxl,90,img043,779561,0.600,0.880,0.310,642476
webp,60,img044,253300,1.520,1.440,0.070,86656
webp,75,img044,295562,1.450,1.460,0.040,86784
webp,90,img044,533512,1.510,1.510,0.050,86656
avif,28,img044,101187,0.440,0.630,0.090,239344
avif,36,img044,159512,0.490,0.710,0.100,242932
avif,44,img044,231401,0.500,0.770,0.120,249844
jxl,30,img044,140299,0.540,0.870,0.330,742916
jxl,50,img044,181989,0.560,0.910,0.330,743812
jxl,70,img044,259002,0.560,0.880,0.390,745396
jxl,90,img044,483913,0.600,0.980,0.350,748820
webp,60,img045,170340,2.430,2.290,0.050,110336
webp,75,img045,222142,2.300,2.290,0.070,110592
webp,90,img045,1032514,2.580,2.600,0.040,110464
avif,28,img045,32809,0.570,0.700,0.140,297028
avif,36,img045,42294,0.590,0.770,0.140,303300
avif,44,img045,57233,0.610,0.790,0.130,314688
jxl,30,img045,133444,0.810,1.210,0.420,876200
jxl,50,img045,165248,0.820,1.210,0.430,876068
jxl,70,img045,234541,0.810,1.250,0.380,877492
jxl,90,img045,1028706,0.830,1.300,0.430,907684
webp,60,img046,724780,2.670,2.490,0.050,115968
webp,75,img046,1018140,2.570,2.580,0.050,116096
webp,90,img046,2874212,3.130,3.110,0.080,115968
avif,28,img046,46907,0.680,0.890,0.130,265180
avif,36,img046,96371,0.880,1.100,0.200,293468
avif,44,img046,248672,0.900,1.320,0.160,308184
jxl,30,img046,247942,0.890,1.260,0.390,857016
jxl,50,img046,425438,0.970,1.500,0.430,862444
jxl,70,img046,796620,0.960,1.390,0.400,877060
jxl,90,img046,2337434,1.030,1.570,0.420,915588
webp,60,img047,648028,3.010,2.780,0.110,132992
webp,75,img047,811254,2.910,2.900,0.070,132992
webp,90,img047,2054048,3.340,3.340,0.070,132992
avif,28,img047,150397,0.880,1.210,0.190,356040
avif,36,img047,218670,0.890,1.340,0.170,364484
avif,44,img047,310652,0.910,1.500,0.170,374340
jxl,30,img047,434058,0.930,1.320,0.390,1011308
jxl,50,img047,568368,0.990,1.400,0.390,1014440
jxl,70,img047,804492,0.980,1.390,0.400,1018740
jxl,90,img047,2121924,0.990,1.450,0.400,1052984
webp,60,img048,85260,1.120,1.060,0.030,56960
webp,75,img048,110030,1.080,1.070,0.030,56960
webp,90,img048,296028,1.140,1.150,0.020,56960
avif,28,img048,13986,0.260,0.300,0.070,164536
avif,36,img048,21207,0.250,0.300,0.070,168760
avif,44,img048,33027,0.270,0.350,0.070,174644
jxl,30,img048,50652,0.380,0.620,0.210,471692
jxl,50,img048,74582,0.360,0.550,0.200,472668
jxl,70,img048,131673,0.350,0.520,0.190,473960
jxl,90,img048,224283,0.360,0.600,0.190,474668
webp,60,img049,1849426,5.800,5.260,0.140,236160
webp,75,img049,2746886,5.580,5.550,0.160,236288
webp,90,img049,7593288,21.500,21.170,0.450,236032
avif,28,img049,80624,1.250,1.550,0.280,567472
avif,36,img049,129249,1.200,1.480,0.260,580272
avif,44,img049,372295,1.280,1.840,0.270,610868
jxl,30,img049,413645,1.540,2.260,0.670,1781080
jxl,50,img049,765969,1.630,2.380,0.670,1799496
jxl,70,img049,1757514,1.670,2.670,0.710,1849788
jxl,90,img049,5825301,1.790,2.960,0.770,1951636
webp,60,img050,3475404,5.620,5.270,0.140,211584
webp,75,img050,4628540,17.840,17.690,0.250,211584
webp,90,img050,9602362,19.510,19.080,0.530,262168
avif,28,img050,389271,1.200,1.550,0.260,534612
avif,36,img050,906577,1.400,1.760,0.360,544208
avif,44,img050,1674024,2.080,2.600,0.320,557904
jxl,30,img050,1169448,2.320,2.690,0.720,1552444
jxl,50,img050,1835968,2.340,2.680,0.780,1574684
jxl,70,img050,3036663,1.950,2.880,0.820,1613412
jxl,90,img050,7255362,2.090,3.130,0.900,1704716
webp,60,img051,1779182,3.810,3.240,0.090,130432
webp,75,img051,2396098,3.340,3.310,0.090,130432
webp,90,img051,5470506,3.910,3.860,0.120,142028
avif,28,img051,316064,1.270,2.970,0.170,329092
avif,36,img051,421689,1.360,3.330,0.180,334208
avif,44,img051,627928,1.510,3.960,0.190,347520
jxl,30,img051,851741,0.930,1.300,0.450,918964
jxl,50,img051,1141568,0.940,1.320,0.430,926484
jxl,70,img051,1839129,0.970,1.410,0.440,958160
jxl,90,img051,4549954,1.080,1.670,0.490,1014696
webp,60,img052,96878,0.480,0.430,0.010,25216
webp,75,img052,117282,0.450,0.450,0.000,25088
webp,90,img052,313416,0.520,0.510,0.020,25088
avif,28,img052,28366,0.150,0.230,0.040,72380
avif,36,img052,38297,0.170,0.260,0.030,73400
avif,44,img052,50933,0.170,0.280,0.040,75068
jxl,30,img052,78707,0.160,0.220,0.070,173068
jxl,50,img052,101520,0.160,0.230,0.080,173452
jxl,70,img052,135739,0.160,0.250,0.060,174480
jxl,90,img052,355268,0.170,0.260,0.070,180876
webp,60,img053,2997216,3.150,2.650,0.100,107008
webp,75,img053,3558700,2.770,2.720,0.090,107136
webp,90,img053,6259362,3.200,3.120,0.130,151340
avif,28,img053,873847,1.760,5.010,0.150,266724
avif,36,img053,1283548,2.090,5.730,0.160,269668
avif,44,img053,1841531,2.560,7.890,0.210,274148
jxl,30,img053,1451534,0.850,1.280,0.380,724072
jxl,50,img053,1950625,0.870,1.360,0.320,736860
jxl,70,img053,2749942,0.860,1.360,0.370,756096
jxl,90,img053,5117275,0.940,1.520,0.410,790536
webp,60,img054,519350,2.140,2.020,0.050,103808
webp,75,img054,649650,2.000,2.010,0.060,103680
webp,90,img054,1311698,2.190,2.170,0.080,103680
avif,28,img054,171135,0.800,1.380,0.160,315308
avif,36,img054,287999,0.870,1.730,0.150,319784
avif,44,img054,482084,0.960,2.090,0.140,328492
jxl,30,img054,345353,0.770,1.230,0.370,836352
jxl,50,img054,508656,0.750,1.200,0.370,842060
jxl,70,img054,681983,0.770,1.250,0.370,845004
jxl,90,img054,997055,0.770,1.240,0.370,846856
webp,60,img055,457130,1.980,1.840,0.070,85888
webp,75,img055,640326,1.980,1.930,0.080,85632
webp,90,img055,1635132,2.170,2.180,0.040,85760
avif,28,img055,44773,0.480,0.630,0.110,209880
avif,36,img055,63969,0.490,0.700,0.090,212656
avif,44,img055,132596,0.510,0.760,0.110,231516
jxl,30,img055,193772,0.590,0.940,0.270,671992
jxl,50,img055,390470,0.610,0.990,0.290,680496
jxl,70,img055,615368,0.640,1.020,0.310,688252
jxl,90,img055,921722,0.620,0.930,0.310,691628
webp,60,img056,449556,2.150,2.140,0.080,113152
webp,75,img056,572704,2.120,2.120,0.060,113152
webp,90,img056,1294270,2.260,2.240,0.090,113280
avif,28,img056,117616,0.780,1.360,0.160,326808
avif,36,img056,185803,0.810,1.500,0.150,331668
avif,44,img056,358011,0.950,2.010,0.190,340120
jxl,30,img056,288458,0.850,1.390,0.450,920272
jxl,50,img056,376808,0.790,1.220,0.390,922972
jxl,70,img056,638819,0.810,1.330,0.420,931976
jxl,90,img056,1097012,0.780,1.230,0.380,937740
webp,60,img057,1435798,4.100,3.740,0.100,170112
webp,75,img057,1906268,4.060,4.010,0.140,170112
webp,90,img057,4835050,4.590,4.540,0.120,170112
avif,28,img057,286211,1.210,2.270,0.190,419772
avif,36,img057,385064,1.310,2.650,0.200,426552
avif,44,img057,564251,1.470,3.120,0.200,442296
jxl,30,img057,722559,1.200,1.860,0.500,1277936
jxl,50,img057,986633,1.230,1.920,0.550,1286692
jxl,70,img057,1559924,1.260,1.960,0.560,1307156
jxl,90,img057,4086506,1.330,2.140,0.580,1372184
webp,60,img058,280962,1.360,1.220,0.040,64256
webp,75,img058,359572,1.290,1.280,0.030,64256
webp,90,img058,914778,1.450,1.440,0.040,64384
avif,28,img058,64855,0.430,0.750,0.080,176332
avif,36,img058,87758,0.470,0.850,0.070,180060
avif,44,img058,125969,0.510,0.990,0.080,185032
jxl,30,img058,210306,0.460,0.690,0.210,477092
jxl,50,img058,270572,0.440,0.650,0.200,478312
jxl,70,img058,389912,0.470,0.720,0.210,481708
jxl,90,img058,961287,0.470,0.720,0.210,496420
webp,60,img059,363586,2.220,2.220,0.040,104960
webp,75,img059,493984,2.240,2.250,0.050,104832
webp,90,img059,1567764,2.880,2.860,0.080,104960
avif,28,img059,76590,0.770,1.280,0.130,256904
avif,36,img059,94892,0.760,1.280,0.130,262792
avif,44,img059,126310,0.720,1.430,0.140,273668
jxl,30,img059,240015,0.720,1.080,0.350,833820
jxl,50,img059,313937,0.740,1.010,0.320,835524
jxl,70,img059,483364,0.710,1.060,0.360,839280
jxl,90,img059,1503578,0.740,1.160,0.320,870360
webp,60,img060,693058,2.430,2.120,0.060,101504
webp,75,img060,842094,2.190,2.200,0.040,101504
webp,90,img060,2040796,2.530,2.530,0.050,101504
avif,28,img060,201744,0.760,1.400,0.120,263856
avif,36,img060,266885,0.760,1.580,0.130,267444
avif,44,img060,359084,0.850,1.890,0.130,275760
jxl,30,img060,464103,0.680,1.010,0.280,776592
jxl,50,img060,596418,0.720,0.990,0.290,779852
jxl,70,img060,816133,0.680,1.010,0.290,786240
jxl,90,img060,1926001,0.740,1.140,0.310,817012
webp,60,img061,381408,1.660,1.640,0.050,83072
webp,75,img061,480378,1.670,1.670,0.050,82944
webp,90,img061,1110524,1.820,1.820,0.050,83072
avif,28,img061,82846,0.520,0.810,0.100,250520
avif,36,img061,159385,0.800,1.550,0.170,254864
avif,44,img061,317354,0.630,1.110,0.110,260120
jxl,30,img061,206228,0.540,0.800,0.260,664104
jxl,50,img061,291920,0.580,0.810,0.250,666920
jxl,70,img061,442521,0.560,0.860,0.250,671060
jxl,90,img061,1032161,0.570,0.860,0.280,684536
webp,60,img062,276392,2.190,2.130,0.040,106880
webp,75,img062,357746,2.150,2.160,0.050,106880
webp,90,img062,1019968,2.410,2.430,0.040,107008
avif,28,img062,74979,0.600,0.890,0.140,312560
avif,36,img062,96776,0.670,1.120,0.130,320620
avif,44,img062,131811,0.700,1.240,0.130,336108
jxl,30,img062,194120,0.800,1.210,0.390,851160
jxl,50,img062,242028,0.760,1.230,0.360,852028
jxl,70,img062,342716,0.720,1.090,0.340,854792
jxl,90,img062,1040144,0.780,1.200,0.400,874812
webp,60,img063,231470,1.700,1.670,0.050,88320
webp,75,img063,305668,1.720,1.710,0.060,88192
webp,90,img063,949426,1.930,1.930,0.050,88320
avif,28,img063,51471,0.480,0.650,0.100,250568
avif,36,img063,79062,0.580,0.820,0.120,253640
avif,44,img063,130665,0.560,0.900,0.120,260812
jxl,30,img063,133687,0.660,1.010,0.380,712020
jxl,50,img063,175803,0.620,0.950,0.310,713436
jxl,70,img063,272237,0.610,0.940,0.300,716248
jxl,90,img063,801033,0.600,0.900,0.320,731892
webp,60,img064,662874,2.620,2.540,0.060,125184
webp,75,img064,813628,2.550,2.570,0.050,125184
webp,90,img064,1864550,3.000,3.000,0.070,125184
avif,28,img064,243841,0.900,1.620,0.170,382164
avif,36,img064,385395,1.040,2.170,0.180,387412
avif,44,img064,641690,1.220,2.870,0.210,399956
jxl,30,img064,448150,0.950,1.510,0.480,1004036
jxl,50,img064,582094,0.860,1.360,0.420,1007580
jxl,70,img064,829777,0.860,1.330,0.410,1014576
jxl,90,img064,1783790,0.860,1.340,0.400,1033640
webp,60,img065,291072,1.200,1.170,0.040,57856
webp,75,img065,356852,1.160,1.180,0.010,57856
webp,90,img065,873238,1.320,1.310,0.040,57856
avif,28,img065,82457,0.480,0.960,0.070,155024
avif,36,img065,105898,0.490,0.960,0.070,156560
avif,44,img065,139822,0.560,1.180,0.070,162444
jxl,30,img065,214651,0.390,0.550,0.160,427008
jxl,50,img065,273087,0.400,0.570,0.190,428288
jxl,70,img065,379529,0.430,0.580,0.160,430980
jxl,90,img065,952622,0.460,0.730,0.200,446592
webp,60,img066,1058080,1.520,1.440,0.030,62080
webp,75,img066,1323318,1.620,1.610,0.070,62080
webp,90,img066,2673098,1.740,1.730,0.040,70832
avif,28,img066,222013,0.550,1.120,0.080,158800
avif,36,img066,354514,0.600,1.350,0.090,161108
avif,44,img066,563143,0.710,1.690,0.070,166100
jxl,30,img066,463387,0.420,0.640,0.180,438652
jxl,50,img066,649112,0.430,0.660,0.170,444020
jxl,70,img066,1028401,0.440,0.660,0.190,455804
jxl,90,img066,2154586,0.460,0.670,0.210,474488
webp,60,img067,812536,2.690,2.520,0.050,123520
webp,75,img067,1046922,2.670,2.640,0.090,123520
webp,90,img067,2621284,3.080,3.050,0.090,123520
avif,28,img067,292755,1.000,2.090,0.160,359832
avif,36,img067,502269,1.090,2.410,0.170,366488
avif,44,img067,910046,1.340,2.960,0.200,377112
jxl,30,img067,533115,0.830,1.260,0.380,934708
jxl,50,img067,719520,0.860,1.330,0.410,939268
jxl,70,img067,1091452,0.850,1.340,0.340,951896
jxl,90,img067,2578537,0.900,1.400,0.410,987696
webp,60,img068,359012,1.830,1.790,0.040,96256
webp,75,img068,437124,1.830,1.850,0.040,96512
webp,90,img068,896572,1.920,1.900,0.070,96384
avif,28,img068,128487,0.600,1.080,0.120,262720
avif,36,img068,213727,0.640,1.190,0.120,263868
avif,44,img068,350563,0.670,1.260,0.130,266560
jxl,30,img068,212371,0.630,1.020,0.380,804088
jxl,50,img068,283100,0.650,1.050,0.320,806064
jxl,70,img068,423090,0.700,1.110,0.360,809476
jxl,90,img068,874825,0.650,1.100,0.340,817688
webp,60,img069,1011308,1.530,1.410,0.050,65792
webp,75,img069,1199172,1.500,1.490,0.040,65664
webp,90,img069,2274836,1.690,1.650,0.070,65664
avif,28,img069,306042,0.560,1.140,0.080,173412
avif,36,img069,443278,0.660,1.460,0.080,176360
avif,44,img069,625011,0.780,1.700,0.080,179812
jxl,30,img069,604126,0.450,0.690,0.180,466448
jxl,50,img069,798346,0.500,0.740,0.210,470532
jxl,70,img069,1118197,0.520,0.730,0.250,477064
jxl,90,img069,2097829,0.600,0.880,0.250,492176
webp,60,img070,1202892,4.090,3.850,0.140,163840
webp,75,img070,1433160,3.840,3.540,0.300,163840
webp,90,img070,3590212,4.310,4.260,0.140,163712
avif,28,img070,285527,1.730,4.280,0.210,406392
avif,36,img070,359395,2.010,4.980,0.210,409208
avif,44,img070,462781,2.220,5.990,0.220,413556
jxl,30,img070,862781,1.210,1.840,0.510,1227616
jxl,50,img070,1065953,1.200,1.870,0.500,1232220
jxl,70,img070,1468556,1.220,1.910,0.530,1240008
jxl,90,img070,3346708,1.280,2.040,0.520,1300132
webp,60,img071,155560,1.140,1.140,0.020,56960
webp,75,img071,192130,1.100,1.090,0.040,57088
webp,90,img071,453078,1.200,1.200,0.030,56960
avif,28,img071,32875,0.360,0.580,0.070,151920
avif,36,img071,54488,0.430,0.740,0.080,152548
avif,44,img071,111289,0.420,0.720,0.080,159856
jxl,30,img071,114635,0.440,0.670,0.210,451300
jxl,50,img071,144520,0.420,0.640,0.190,452072
jxl,70,img071,200466,0.400,0.620,0.190,453864
jxl,90,img071,507439,0.400,0.630,0.190,460508
webp,60,img072,848634,3.020,2.890,0.070,131072
webp,75,img072,1072426,3.050,3.030,0.090,131200
webp,90,img072,2230690,3.460,3.440,0.110,131072
avif,28,img072,225796,1.050,2.030,0.190,361560
avif,36,img072,308785,1.060,2.160,0.160,369112
avif,44,img072,438459,1.290,2.710,0.200,379604
jxl,30,img072,601209,0.950,1.450,0.420,1009336
jxl,50,img072,824978,1.070,1.620,0.480,1015272
jxl,70,img072,1102177,1.050,1.510,0.450,1020436
jxl,90,img072,1690016,0.990,1.550,0.440,1024484
webp,60,img073,1659976,3.310,3.130,0.090,129664
webp,75,img073,2217688,3.410,3.370,0.110,130048
webp,90,img073,5066898,3.830,3.800,0.090,134744
avif,28,img073,126335,0.910,1.630,0.180,308060
avif,36,img073,283321,1.040,2.020,0.170,318168
avif,44,img073,674906,1.310,2.660,0.210,341592
jxl,30,img073,539723,0.980,1.410,0.470,939148
jxl,50,img073,878165,0.970,1.440,0.420,952148
jxl,70,img073,1601216,1.270,1.810,0.500,978904
jxl,90,img073,3977633,1.370,2.000,0.550,1028676
webp,60,img074,171746,0.890,0.860,0.020,44800
webp,75,img074,245290,1.120,1.090,0.040,44928
webp,90,img074,854392,1.480,1.380,0.040,44800
avif,28,img074,37208,0.430,0.380,0.070,117148
avif,36,img074,52092,0.450,0.420,0.070,119512
avif,44,img074,75137,0.390,0.440,0.060,124504
jxl,30,img074,96048,0.360,0.480,0.150,320260
jxl,50,img074,124390,0.330,0.490,0.150,320640
jxl,70,img074,202809,0.340,0.460,0.150,323208
jxl,90,img074,742691,0.380,0.550,0.150,341384
webp,60,img075,211154,1.750,1.680,0.040,78336
webp,75,img075,252740,1.960,1.890,0.040,78336
webp,90,img075,585534,2.250,2.140,0.070,78336
avif,28,img075,80244,0.830,0.980,0.150,241812
avif,36,img075,115163,1.000,1.200,0.160,247048
avif,44,img075,158093,0.800,1.330,0.170,255500
jxl,30,img075,189841,0.580,0.860,0.310,622300
jxl,50,img075,237214,0.890,0.940,0.280,623140
jxl,70,img075,321917,0.770,0.910,0.290,625184
jxl,90,img075,751936,0.980,1.000,0.320,636080
webp,60,img076,1173110,1.810,1.700,0.050,61824
webp,75,img076,1484452,1.990,1.760,0.140,61696
webp,90,img076,2904508,2.220,2.100,0.080,75440
avif,28,img076,166797,0.660,0.740,0.130,151652
avif,36,img076,343553,0.810,1.010,0.100,156772
avif,44,img076,618236,0.640,1.030,0.130,160604
jxl,30,img076,367835,0.510,0.610,0.240,410956
jxl,50,img076,566653,0.470,0.680,0.210,418648
jxl,70,img076,936649,0.730,0.830,0.220,429908
jxl,90,img076,2160637,0.780,0.880,0.240,454472
webp,60,img077,1460954,6.670,6.200,0.270,193152
webp,75,img077,1772428,6.870,6.700,0.250,193152
webp,90,img077,3968186,7.090,7.010,0.210,193280
avif,28,img077,473723,2.470,3.220,0.390,506756
avif,36,img077,885183,1.870,3.590,0.380,518412
avif,44,img077,1412766,2.580,4.110,0.340,553996
jxl,30,img077,776447,2.220,3.070,0.950,1504248
jxl,50,img077,1070706,2.810,2.980,0.930,1512376
jxl,70,img077,1584059,1.800,2.850,0.770,1523984
jxl,90,img077,3340283,1.780,2.930,0.830,1554288
webp,60,img078,1389408,1.470,1.320,0.050,46720
webp,75,img078,1659076,1.360,1.320,0.060,47368
webp,90,img078,2949596,1.610,1.570,0.060,73612
avif,28,img078,352713,0.590,1.160,0.080,117284
avif,36,img078,523646,0.680,1.420,0.080,118568
avif,44,img078,749425,0.720,1.570,0.060,119716
jxl,30,img078,552548,0.390,0.590,0.160,297764
jxl,50,img078,761797,0.400,0.600,0.160,302124
jxl,70,img078,1098306,0.490,0.690,0.150,310528
jxl,90,img078,2069683,0.450,0.720,0.170,325800
webp,60,img079,1559832,1.360,1.310,0.040,45312
webp,75,img079,1849906,1.400,1.370,0.040,50860
webp,90,img079,3106322,1.570,1.530,0.070,77476
avif,28,img079,369915,0.510,1.010,0.060,108868
avif,36,img079,562677,0.670,1.290,0.090,110796
avif,44,img079,844314,0.700,1.440,0.070,111944
jxl,30,img079,567973,0.370,0.570,0.130,286740
jxl,50,img079,789074,0.400,0.620,0.170,291224
jxl,70,img079,1172422,0.420,0.650,0.160,300948
jxl,90,img079,2204601,0.490,0.780,0.200,316056
webp,60,img080,1350694,1.570,1.320,0.050,45184
webp,75,img080,1638496,1.380,1.340,0.050,46224
webp,90,img080,2869182,1.580,1.540,0.060,71572
avif,28,img080,336051,0.580,1.100,0.090,113592
avif,36,img080,502247,0.670,1.350,0.090,114740
avif,44,img080,725216,0.770,1.640,0.080,115380
jxl,30,img080,527929,0.400,0.590,0.160,287604
jxl,50,img080,729246,0.440,0.620,0.190,292212
jxl,70,img080,1065146,0.400,0.620,0.160,299892
jxl,90,img080,2028825,0.450,0.710,0.180,314868
webp,60,img081,536596,1.810,1.730,0.060,60160
webp,75,img081,638424,1.580,1.560,0.050,60160
webp,90,img081,1272456,1.740,1.720,0.060,60160
avif,28,img081,318126,0.600,1.330,0.060,168608
avif,36,img081,538085,0.810,1.790,0.120,171556
avif,44,img081,718826,0.790,1.840,0.100,182308
jxl,30,img081,283031,0.490,0.800,0.220,457340
jxl,50,img081,377759,0.530,0.840,0.230,460280
jxl,70,img081,553606,0.530,0.860,0.220,464508
jxl,90,img081,1096448,0.750,0.890,0.240,472952
webp,60,img082,771644,5.100,4.960,0.170,186880
webp,75,img082,939558,4.660,4.640,0.130,187008
webp,90,img082,2533660,4.890,4.890,0.120,187008
avif,28,img082,304888,1.310,2.270,0.240,470320
avif,36,img082,526740,1.410,2.670,0.250,480948
avif,44,img082,798223,1.470,2.850,0.260,520116
jxl,30,img082,451172,1.810,2.340,0.790,1501084
jxl,50,img082,629008,1.610,2.450,0.850,1504848
jxl,70,img082,875663,1.760,2.550,0.850,1510340
jxl,90,img082,2096881,1.490,2.500,0.770,1540764
webp,60,img083,2654308,76.040,74.750,0.880,720640
webp,75,img083,3128948,76.460,76.270,0.750,720640
webp,90,img083,7330720,77.890,77.560,0.880,720768
avif,28,img083,581873,5.810,11.450,1.020,1865544
avif,36,img083,709750,6.420,13.090,1.160,1945284
avif,44,img083,885998,6.680,14.450,1.180,2031816
jxl,30,img083,1606105,6.780,9.590,3.100,5820104
jxl,50,img083,1979984,7.640,10.200,3.090,5825320
jxl,70,img083,2554399,6.510,10.180,3.020,5834044
jxl,90,img083,6354483,6.840,11.110,3.230,5927552
webp,60,img084,451600,2.180,1.980,0.050,81408
webp,75,img084,565136,2.170,2.160,0.060,81408
webp,90,img084,1368534,2.550,2.550,0.070,81408
avif,28,img084,125699,0.890,1.660,0.150,213116
avif,36,img084,171710,0.930,1.710,0.230,218104
avif,44,img084,236971,0.890,1.820,0.150,225396
jxl,30,img084,303035,0.780,1.170,0.330,606876
jxl,50,img084,395187,0.810,1.220,0.320,608612
jxl,70,img084,551613,0.830,1.290,0.350,611580
jxl,90,img084,1321487,0.750,1.190,0.300,632960
webp,60,img085,2004850,14.520,14.030,0.260,210944
webp,75,img085,2809204,18.800,18.690,0.230,210816
webp,90,img085,5885026,21.830,21.500,0.460,210944
avif,28,img085,627098,2.290,4.880,0.410,550420
avif,36,img085,876057,3.040,6.700,0.570,568464
avif,44,img085,1208135,3.260,8.320,0.430,581264
jxl,30,img085,1247221,1.920,2.870,0.760,1543736
jxl,50,img085,1586875,1.950,3.020,0.780,1550284
jxl,70,img085,2194596,1.970,3.040,0.810,1562640
jxl,90,img085,4878873,2.110,3.350,0.830,1629204
webp,60,img086,800548,9.310,9.000,0.220,364928
webp,75,img086,998552,8.980,9.040,0.230,365184
webp,90,img086,3219042,34.100,33.940,0.390,365312
avif,28,img086,155098,2.130,2.930,0.460,864280
avif,36,img086,212668,2.250,3.390,0.470,925596
avif,44,img086,302447,2.340,3.670,0.500,1009436
jxl,30,img086,572552,2.740,4.220,1.230,2957116
jxl,50,img086,686766,2.780,4.510,1.310,2957504
jxl,70,img086,987911,2.510,3.700,1.080,2963500
jxl,90,img086,2900831,2.570,3.840,1.120,3007692
webp,60,img087,2709032,16.460,15.860,0.170,220288
webp,75,img087,3271706,15.980,15.930,0.170,220288
webp,90,img087,6646356,17.920,17.650,0.380,220416
avif,28,img087,763698,2.200,5.240,0.300,608464
avif,36,img087,1011213,2.570,6.710,0.290,612556
avif,44,img087,1332875,2.910,8.050,0.280,614604
jxl,30,img087,1460843,1.550,2.170,0.600,1585560
jxl,50,img087,1859113,1.560,2.170,0.620,1594084
jxl,70,img087,2544411,1.570,2.220,0.610,1606852
jxl,90,img087,5516201,1.670,2.460,0.630,1683228
webp,60,img088,895360,4.170,4.000,0.130,217472
webp,75,img088,1124738,4.080,4.110,0.100,217472
webp,90,img088,2535322,4.620,4.630,0.110,217472
avif,28,img088,248660,1.370,2.350,0.270,620784
avif,36,img088,388221,1.490,2.840,0.270,624236
avif,44,img088,697233,1.620,3.310,0.270,631276
jxl,30,img088,611748,1.420,2.130,0.650,1770312
jxl,50,img088,784989,1.470,2.230,0.680,1775432
jxl,70,img088,1133634,1.440,2.180,0.640,1783012
jxl,90,img088,2619871,1.480,2.300,0.640,1815840
webp,60,img089,993226,4.250,4.080,0.100,185600
webp,75,img089,1196866,4.160,4.130,0.130,185600
webp,90,img089,3118046,14.570,14.570,0.100,185600
avif,28,img089,254565,1.160,1.660,0.230,528944
avif,36,img089,354049,1.240,1.990,0.230,538668
avif,44,img089,483968,1.380,2.500,0.250,545196
jxl,30,img089,650164,1.340,1.910,0.540,1411808
jxl,50,img089,821530,1.340,1.890,0.550,1414892
jxl,70,img089,1128465,1.340,1.920,0.520,1420700
jxl,90,img089,2933839,1.440,2.110,0.590,1471956
webp,60,img090,2045376,3.830,3.450,0.110,153600
webp,75,img090,2646894,3.650,3.590,0.130,153728
webp,90,img090,5926968,4.350,4.260,0.160,153600
avif,28,img090,339433,1.040,1.880,0.180,378928
avif,36,img090,606999,1.150,2.290,0.180,389676
avif,44,img090,1091480,1.270,2.740,0.200,403120
jxl,30,img090,853406,1.040,1.470,0.410,1089596
jxl,50,img090,1274636,1.060,1.510,0.410,1103708
jxl,70,img090,2089160,1.100,1.610,0.420,1131796
jxl,90,img090,4990544,1.170,1.790,0.430,1193716
webp,60,img091,4299992,35.280,34.410,0.430,491264
webp,75,img091,5436714,36.570,36.290,0.530,491264
webp,90,img091,13208862,43.820,43.210,0.860,491392
avif,28,img091,986608,4.950,9.870,0.830,1237740
avif,36,img091,1439080,5.000,10.630,0.720,1287260
avif,44,img091,2061782,5.390,12.520,0.750,1313120
jxl,30,img091,2316657,4.240,6.590,1.700,3628864
jxl,50,img091,2972572,4.240,6.480,1.670,3643388
jxl,70,img091,4321036,4.340,6.790,1.750,3673456
jxl,90,img091,10856745,4.540,7.250,1.860,3847924
webp,60,img092,191994,0.830,0.780,0.010,33664
webp,75,img092,244524,0.740,0.730,0.020,33536
webp,90,img092,568068,0.850,0.850,0.020,33536
avif,28,img092,44946,0.280,0.400,0.060,87680
avif,36,img092,68859,0.290,0.460,0.050,91136
avif,44,img092,107209,0.340,0.590,0.050,95876
jxl,30,img092,109320,0.250,0.370,0.130,239720
jxl,50,img092,154893,0.280,0.400,0.130,241008
jxl,70,img092,229019,0.250,0.380,0.110,243056
jxl,90,img092,514093,0.260,0.410,0.110,248812
webp,60,img093,574880,2.140,2.080,0.060,87936
webp,75,img093,751572,2.250,2.250,0.050,87936
webp,90,img093,1872868,2.540,2.530,0.070,87936
avif,28,img093,126719,0.800,1.380,0.170,238516
avif,36,img093,177691,0.850,1.630,0.140,244144
avif,44,img093,262165,0.930,1.930,0.160,248752
jxl,30,img093,342916,0.740,1.110,0.340,647304
jxl,50,img093,456715,0.760,1.150,0.320,649712
jxl,70,img093,679525,0.740,1.150,0.330,655968
jxl,90,img093,1758279,0.780,1.270,0.350,685232
webp,60,img094,3325012,4.540,4.240,0.120,150272
webp,75,img094,4023516,4.310,4.260,0.130,150272
webp,90,img094,7241388,8.190,7.990,0.280,181948
avif,28,img094,1040335,2.350,6.680,0.260,368328
avif,36,img094,1585590,2.620,7.840,0.240,375108
avif,44,img094,2377155,2.830,8.550,0.260,385372
jxl,30,img094,1654852,1.300,1.960,0.560,1062168
jxl,50,img094,2247366,1.370,2.150,0.620,1078132
jxl,70,img094,3299465,1.380,2.210,0.610,1109624
jxl,90,img094,6167408,1.520,2.470,0.570,1153656
webp,60,img095,2960778,84.870,83.850,0.830,800256
webp,75,img095,3725404,72.410,72.260,0.710,800512
webp,90,img095,10588002,85.430,84.970,0.930,800384
avif,28,img095,493525,4.460,5.390,0.840,1821040
avif,36,img095,778331,4.350,5.880,0.850,1926000
avif,44,img095,1208307,4.610,6.710,0.900,2093044
jxl,30,img095,1627277,10.820,8.410,2.540,6338732
jxl,50,img095,2154079,6.580,8.160,2.370,6351040
jxl,70,img095,3259519,5.550,8.140,2.410,6371924
jxl,90,img095,8983799,5.790,8.560,2.470,6529832
webp,60,img096,290392,0.910,0.770,0.020,40064
webp,75,img096,367760,0.800,0.800,0.020,40064
webp,90,img096,844274,0.930,0.920,0.020,40064
avif,28,img096,132336,0.710,0.580,0.060,115656
avif,36,img096,227666,0.400,0.670,0.050,119244
avif,44,img096,343529,0.450,0.730,0.060,123340
jxl,30,img096,194003,0.300,0.380,0.100,284308
jxl,50,img096,256197,0.260,0.370,0.110,286096
jxl,70,img096,363651,0.260,0.390,0.100,288792
jxl,90,img096,783562,0.300,0.420,0.110,297616
webp,60,img097,2435764,3.580,3.210,0.090,137728
webp,75,img097,3028930,3.410,3.360,0.110,137984
webp,90,img097,6140710,3.940,3.870,0.130,151460
avif,28,img097,488897,0.940,1.680,0.160,344672
avif,36,img097,853498,1.030,2.030,0.160,353760
avif,44,img097,1386561,1.190,2.470,0.180,362848
jxl,30,img097,1026781,1.010,1.320,0.350,959168
jxl,50,img097,1499106,0.940,1.360,0.370,973276
jxl,70,img097,2272173,0.980,1.440,0.350,996272
jxl,90,img097,4850767,1.040,1.580,0.400,1041888
webp,60,img098,1088736,5.650,5.310,0.170,252800
webp,75,img098,1435894,5.480,5.450,0.170,252800
webp,90,img098,4311496,20.270,20.080,0.320,252928
avif,28,img098,182353,1.340,1.690,0.260,612396
avif,36,img098,305260,1.390,1.830,0.280,638380
avif,44,img098,503773,1.460,2.080,0.290,673448
jxl,30,img098,636042,1.710,2.480,0.720,1959960
jxl,50,img098,837063,1.730,2.470,0.750,1966160
jxl,70,img098,1292153,1.750,2.580,0.700,1978560
jxl,90,img098,3742701,1.810,2.690,0.770,2044304
webp,60,img099,620562,1.090,1.010,0.020,47744
webp,75,img099,774684,1.070,1.060,0.030,47744
webp,90,img099,1686750,1.240,1.220,0.040,47744
avif,28,img099,118623,0.390,0.640,0.070,128812
avif,36,img099,200323,0.440,0.780,0.050,130348
avif,44,img099,324965,0.510,0.890,0.060,131120
jxl,30,img099,288327,0.320,0.490,0.100,321588
jxl,50,img099,411694,0.320,0.450,0.120,325548
jxl,70,img099,623670,0.330,0.490,0.100,331316
jxl,90,img099,1388801,0.360,0.560,0.120,348340
webp,60,img100,82500,1.320,1.310,0.030,66688
webp,75,img100,146668,1.320,1.320,0.030,66688
webp,90,img100,1144078,1.680,1.680,0.030,66688
avif,28,img100,9838,0.310,0.350,0.070,162832
avif,36,img100,11726,0.310,0.350,0.070,165776
avif,44,img100,15211,0.330,0.370,0.070,172940
jxl,30,img100,47303,0.430,0.620,0.190,505652
jxl,50,img100,53946,0.450,0.620,0.190,505480
jxl,70,img100,81374,0.430,0.630,0.180,506544
jxl,90,img100,789236,0.480,0.720,0.200,542240
webp,60,img001,2086274,4.110,3.870,0.080,173184
webp,75,img001,2579334,4.010,4.000,0.090,173184
webp,90,img001,5562694,4.700,4.640,0.150,173312
avif,28,img001,1005561,1.690,3.410,0.280,509980
avif,36,img001,2217606,2.470,5.320,0.280,519708
avif,44,img001,3402161,2.260,5.700,0.250,528284
jxl,30,img001,1159950,1.220,1.820,0.520,1288996
jxl,50,img001,1562600,1.160,1.720,0.480,1299032
jxl,70,img001,2248498,1.210,1.780,0.510,1316404
jxl,90,img001,4829777,1.490,2.110,0.590,1375648
webp,60,img002,3089212,6.320,5.730,0.150,247936
webp,75,img002,4133390,18.850,18.620,0.260,247808
webp,90,img002,8861132,20.890,20.510,0.490,247808
avif,28,img002,708259,1.810,3.290,0.280,635468
avif,36,img002,1084003,1.860,3.620,0.290,647888
avif,44,img002,1619361,2.030,4.270,0.310,661836
jxl,30,img002,1533003,1.670,2.370,0.690,1802192
jxl,50,img002,2099290,1.830,2.770,0.740,1816252
jxl,70,img002,3136735,1.730,2.520,0.700,1848692
jxl,90,img002,7099492,1.860,2.840,0.680,1937452
webp,60,img003,1768182,4.660,4.430,0.070,201088
webp,75,img003,2230010,4.530,4.550,0.090,201088
webp,90,img003,5299766,16.420,16.290,0.230,201088
avif,28,img003,334684,1.290,2.080,0.260,583760
avif,36,img003,754750,1.480,2.750,0.250,596052
avif,44,img003,1831575,1.690,3.520,0.280,612308
jxl,30,img003,859953,1.570,2.440,0.690,1526032
jxl,50,img003,1255867,1.390,2.040,0.590,1539392
jxl,70,img003,2166352,1.590,2.530,0.700,1568040
jxl,90,img003,3740588,1.840,2.880,0.820,1585532
webp,60,img004,1230892,2.210,2.060,0.080,71936
webp,75,img004,1581110,2.190,2.180,0.060,71936
webp,90,img004,3308888,2.390,2.330,0.090,83392
avif,28,img004,244486,0.520,0.880,0.110,180612
avif,36,img004,437311,0.570,1.080,0.090,185472
avif,44,img004,731742,0.630,1.200,0.110,190212
jxl,30,img004,407976,0.480,0.750,0.230,492596
jxl,50,img004,601640,0.550,0.860,0.240,498844
jxl,70,img004,1053125,0.590,0.970,0.250,514964
jxl,90,img004,2485061,0.590,0.980,0.270,545564
webp,60,img005,1332342,2.860,2.700,0.080,102528
webp,75,img005,1702700,2.830,2.840,0.050,102656
webp,90,img005,3769158,3.230,3.170,0.110,102528
avif,28,img005,279329,0.880,1.490,0.150,265420
avif,36,img005,445522,1.120,2.130,0.150,269764
avif,44,img005,685465,1.380,3.090,0.220,275020
jxl,30,img005,605707,0.990,1.470,0.420,726656
jxl,50,img005,843939,1.000,1.530,0.450,732996
jxl,70,img005,1278187,1.100,1.700,0.420,746124
jxl,90,img005,3005212,1.140,1.810,0.430,785688
webp,60,img006,1492542,4.520,4.150,0.180,128128
webp,75,img006,1809674,3.460,3.450,0.090,128256
webp,90,img006,3783042,4.210,4.170,0.120,128256
avif,28,img006,418151,1.230,2.440,0.220,352092
avif,36,img006,618217,1.360,2.880,0.200,356060
avif,44,img006,881632,1.720,4.370,0.220,359516
jxl,30,img006,866468,1.270,1.940,0.500,941696
jxl,50,img006,1157409,1.190,1.830,0.520,948268
jxl,70,img006,1617989,1.120,1.730,0.450,959340
jxl,90,img006,3354568,1.190,1.920,0.510,995660
webp,60,img007,3020216,3.020,2.650,0.100,88704
webp,75,img007,3626100,2.660,2.610,0.090,93960
webp,90,img007,5999378,3.210,3.100,0.140,143368
avif,28,img007,960591,1.500,3.880,0.160,221360
avif,36,img007,1430827,1.650,4.570,0.130,223152
avif,44,img007,2079583,1.920,5.290,0.170,225452
jxl,30,img007,1313590,0.740,1.170,0.290,585644
jxl,50,img007,1796945,0.730,1.130,0.300,597884
jxl,70,img007,2642307,0.850,1.320,0.330,620360
jxl,90,img007,4971733,0.950,1.550,0.370,653760
webp,60,img008,475108,1.760,1.670,0.060,69632
webp,75,img008,685348,1.800,1.800,0.030,69760
webp,90,img008,1837706,2.020,1.990,0.070,69760
avif,28,img008,66548,0.520,0.730,0.110,184936
avif,36,img008,95814,0.540,0.780,0.090,187624
avif,44,img008,146502,0.570,0.940,0.100,190956
jxl,30,img008,192855,0.510,0.780,0.220,501240
jxl,50,img008,270803,0.600,0.910,0.250,503960
jxl,70,img008,462444,0.580,0.900,0.250,511584
jxl,90,img008,1460863,0.600,1.000,0.280,540620
webp,60,img009,1468308,3.470,3.280,0.120,128128
webp,75,img009,1785310,3.320,3.310,0.090,128000
webp,90,img009,3639506,3.770,3.740,0.100,128128
avif,28,img009,388796,1.160,2.340,0.210,345364
avif,36,img009,579500,1.350,3.070,0.200,350228
avif,44,img009,846012,1.590,3.790,0.200,356372
jxl,30,img009,795624,1.040,1.740,0.430,945428
jxl,50,img009,1090254,1.030,1.650,0.460,953444
jxl,70,img009,1547154,1.130,1.730,0.490,964944
jxl,90,img009,3094524,1.120,1.790,0.490,994676
webp,60,img010,179546,2.130,2.140,0.040,92288
webp,75,img010,221842,2.050,2.050,0.060,92288
webp,90,img010,789138,2.370,2.360,0.070,92416
avif,28,img010,37897,0.520,0.690,0.120,242244
avif,36,img010,52334,0.590,0.810,0.140,248512
avif,44,img010,72953,0.640,0.890,0.150,260800
jxl,30,img010,139565,0.670,1.060,0.340,731908
jxl,50,img010,169866,0.730,1.160,0.340,732744
jxl,70,img010,234209,0.750,1.210,0.340,733072
jxl,90,img010,873209,0.840,1.390,0.370,756700
