encoder,quality,img_id,psnr_y,ssim_y,bpp
webp,60,img001,38.6361,0.958375,0.553095
webp,75,img001,39.7623,0.964624,0.683811
webp,90,img001,44.6840,0.983208,1.474733
webp,60,img002,38.8840,0.970426,0.585946
webp,75,img002,39.9552,0.974981,0.784001
webp,90,img002,45.6820,0.989273,1.680735
webp,60,img003,38.3112,0.935613,0.391274
webp,75,img003,39.2204,0.947206,0.493470
webp,90,img003,44.2875,0.982114,1.172764
webp,60,img004,35.2670,0.945772,0.879973
webp,75,img004,36.8273,0.959675,1.130346
webp,90,img004,44.2955,0.991260,2.365546
webp,60,img005,35.6220,0.920092,0.634594
webp,75,img005,36.7407,0.936108,0.810995
webp,90,img005,42.4434,0.978530,1.795247
webp,60,img006,38.4203,0.960377,0.542754
webp,75,img006,39.6007,0.966920,0.658078
webp,90,img006,44.5562,0.984179,1.375682
webp,60,img007,33.8879,0.964936,1.899564
webp,75,img007,35.5972,0.976609,2.280635
webp,90,img007,41.3396,0.993671,3.773308
webp,60,img008,36.4156,0.888024,0.324515
webp,75,img008,37.2489,0.904866,0.468116
webp,90,img008,41.2833,0.957667,1.255216
webp,60,img009,38.8219,0.969722,0.531072
webp,75,img009,40.1651,0.975173,0.645728
webp,90,img009,45.6706,0.988944,1.316372
webp,60,img010,45.4558,0.976024,0.081949
webp,75,img010,45.7803,0.976744,0.101254
webp,90,img010,47.7152,0.982798,0.360183
webp,60,img011,38.5168,0.956030,0.480066
webp,75,img011,39.6894,0.964685,0.603074
webp,90,img011,44.9748,0.985173,1.295617
webp,60,img012,40.8437,0.942358,0.301723
webp,75,img012,41.7463,0.952553,0.404780
webp,90,img012,46.7692,0.984135,0.990017
webp,60,img013,36.6104,0.939497,0.835802
webp,75,img013,37.7450,0.948244,1.010852
webp,90,img013,43.5893,0.983505,2.136352
webp,60,img014,30.8731,0.916794,1.843502
webp,75,img014,32.4012,0.932866,2.162279
webp,90,img014,39.1463,0.984226,3.510004
webp,60,img015,40.8392,0.957445,0.390061
webp,75,img015,42.1814,0.968790,0.542103
webp,90,img015,47.5468,0.990512,1.309551
webp,60,img016,40.7070,0.955351,0.347313
webp,75,img016,41.7994,0.963873,0.441349
webp,90,img016,46.4083,0.983920,1.046578
webp,60,img017,39.3833,0.953066,0.284754
webp,75,img017,40.5273,0.961550,0.372737
webp,90,img017,45.5404,0.984102,0.913132
webp,60,img018,34.2427,0.906546,0.767003
webp,75,img018,35.6032,0.927390,0.976205
webp,90,img018,41.8053,0.980086,2.044911
webp,60,img019,33.7725,0.945956,1.630952
webp,75,img019,35.5139,0.963084,1.920787
webp,90,img019,42.4286,0.990740,3.176982
webp,60,img020,32.6020,0.955683,1.808468
webp,75,img020,34.3602,0.974018,2.109788
webp,90,img020,40.4224,0.993322,3.375830
webp,60,img021,39.5866,0.956654,0.286098
webp,75,img021,40.6422,0.962546,0.369689
webp,90,img021,45.5984,0.983444,1.074207
webp,60,img022,44.6318,0.976156,0.074613
webp,75,img022,45.2642,0.978590,0.097555
webp,90,img022,48.8444,0.989018,0.312339
webp,60,img023,32.7816,0.844143,0.613281
webp,75,img023,34.0799,0.882550,0.838608
webp,90,img023,40.1519,0.962336,1.830688
webp,60,img024,40.6868,0.937838,0.206053
webp,75,img024,41.1604,0.942350,0.259916
webp,90,img024,44.7066,0.972588,0.781012
webp,60,img025,39.3558,0.974033,0.431480
webp,75,img025,40.6178,0.977839,0.515248
webp,90,img025,45.5304,0.987707,1.021917
webp,60,img026,43.0002,0.982181,0.391913
webp,75,img026,44.3669,0.986673,0.491344
webp,90,img026,50.7614,0.996444,0.999464
webp,60,img027,43.7943,0.964412,0.206076
webp,75,img027,44.2970,0.967732,0.291132
webp,90,img027,47.0451,0.980667,0.889825
webp,60,img028,40.0507,0.924120,0.148250
webp,75,img028,40.7097,0.934648,0.229079
webp,90,img028,44.3222,0.970886,0.768699
webp,60,img029,38.3493,0.921183,0.252525
webp,75,img029,39.1361,0.930831,0.343806
webp,90,img029,42.7408,0.963821,0.967605
webp,60,img030,35.0156,0.943134,0.766171
webp,75,img030,36.3684,0.954339,0.913513
webp,90,img030,42.0425,0.979111,1.670965
webp,60,img031,41.6142,0.974156,0.131534
webp,75,img031,42.3811,0.976908,0.158311
webp,90,img031,45.4942,0.985337,0.358914
webp,60,img032,45.0531,0.977384,0.077086
webp,75,img032,45.4098,0.978453,0.094066
webp,90,img032,47.3211,0.983903,0.281484
webp,60,img033,39.6170,0.912953,0.151730
webp,75,img033,40.2288,0.924539,0.240069
webp,90,img033,44.2090,0.969641,0.924043
webp,60,img034,38.2658,0.917420,0.861868
webp,75,img034,39.8118,0.942870,1.164397
webp,90,img034,46.8246,0.987374,2.446676
webp,60,img035,43.8580,0.984813,0.265362
webp,75,img035,45.0242,0.987244,0.323503
webp,90,img035,49.6024,0.993010,0.697501
webp,60,img036,42.8425,0.969762,0.105174
webp,75,img036,43.4436,0.972632,0.133933
webp,90,img036,46.2974,0.982829,0.361581
webp,60,img037,43.7027,0.966623,0.096159
webp,75,img037,44.1857,0.968795,0.122862
webp,90,img037,47.1194,0.981443,0.466072
webp,60,img038,40.8479,0.954566,0.087348
webp,75,img038,41.5582,0.959603,0.108932
webp,90,img038,44.4579,0.976995,0.263990
webp,60,img039,43.7963,0.973338,0.135667
webp,75,img039,44.4907,0.976409,0.168490
webp,90,img039,47.4498,0.986204,0.428103
webp,60,img040,32.5978,0.892188,1.349197
webp,75,img040,34.4229,0.929081,1.665253
webp,90,img040,41.9751,0.986786,2.942741
webp,60,img041,39.3434,0.923509,0.136466
webp,75,img041,40.0272,0.931616,0.186840
webp,90,img041,43.6713,0.967094,0.719341
webp,60,img042,33.9239,0.915274,1.290862
webp,75,img042,35.6924,0.944044,1.551270
webp,90,img042,43.2790,0.989510,2.843938
webp,60,img043,42.7250,0.965879,0.109438
webp,75,img043,43.2725,0.968291,0.136442
webp,90,img043,45.4721,0.977821,0.420597
webp,60,img044,49.4946,0.997422,0.113106
webp,75,img044,50.9366,0.997960,0.131977
webp,90,img044,56.8378,0.999168,0.238229
webp,60,img045,45.3747,0.974409,0.064810
webp,75,img045,45.7345,0.975760,0.084520
webp,90,img045,48.2756,0.984963,0.392847
webp,60,img046,33.2558,0.797495,0.286302
webp,75,img046,34.3306,0.846280,0.402185
webp,90,img046,39.7024,0.961601,1.135370
webp,60,img047,44.0344,0.977029,0.216009
webp,75,img047,44.9757,0.980228,0.270418
webp,90,img047,48.7832,0.989781,0.684683
webp,60,img048,47.8956,0.986923,0.060165
webp,75,img048,48.7875,0.989065,0.077644
webp,90,img048,53.6255,0.996052,0.208895
webp,60,img049,41.9834,0.957561,0.348034
webp,75,img049,43.2110,0.967926,0.516922
webp,90,img049,49.2396,0.990398,1.428942
webp,60,img050,35.8454,0.935001,0.769058
webp,75,img050,37.1610,0.953623,1.024231
webp,90,img050,43.4953,0.988426,2.124868
webp,60,img051,34.1953,0.905730,0.667513
webp,75,img051,35.1971,0.927684,0.898967
webp,90,img051,41.1785,0.982131,2.052422
webp,60,img052,41.7073,0.975024,0.201829
webp,75,img052,42.7612,0.976841,0.244338
webp,90,img052,47.0756,0.985926,0.652950
webp,60,img053,32.4075,0.980819,1.500433
webp,75,img053,33.8545,0.986047,1.781516
webp,90,img053,40.0984,0.996269,3.133491
webp,60,img054,40.2962,0.977480,0.208137
webp,75,img054,41.4636,0.981829,0.260357
webp,90,img054,46.2485,0.992294,0.525682
webp,60,img055,37.3948,0.894365,0.228843
webp,75,img055,38.5954,0.919903,0.320553
webp,90,img055,44.5806,0.980579,0.818561
webp,60,img056,37.7328,0.952855,0.162600
webp,75,img056,38.7218,0.961217,0.207141
webp,90,img056,43.1322,0.986072,0.468124
webp,60,img057,35.1142,0.858865,0.381536
webp,75,img057,35.9734,0.877055,0.506555
webp,90,img057,40.0519,0.944187,1.284824
webp,60,img058,39.9230,0.965508,0.200511
webp,75,img058,40.9411,0.968900,0.256612
webp,90,img058,45.1154,0.981177,0.652839
webp,60,img059,38.9138,0.919397,0.145886
webp,75,img059,39.5886,0.928679,0.198208
webp,90,img059,43.0931,0.967350,0.629054
webp,60,img060,35.3913,0.911573,0.302822
webp,75,img060,36.3307,0.918811,0.367941
webp,90,img060,40.6064,0.956901,0.891698
webp,60,img061,37.0742,0.936330,0.192549
webp,75,img061,38.0896,0.948146,0.242513
webp,90,img061,42.8509,0.980094,0.560635
webp,60,img062,39.7015,0.947890,0.108185
webp,75,img062,40.2813,0.950742,0.140028
webp,90,img062,42.9915,0.967153,0.399234
webp,60,img063,38.4646,0.935446,0.108315
webp,75,img063,39.2154,0.941414,0.143035
webp,90,img063,43.1390,0.972288,0.444278
webp,60,img064,37.7471,0.946006,0.220958
webp,75,img064,38.6790,0.951432,0.271209
webp,90,img064,42.6567,0.972343,0.621517
webp,60,img065,39.6649,0.959022,0.234974
webp,75,img065,40.6962,0.962618,0.288077
webp,90,img065,44.4410,0.977297,0.704941
webp,60,img066,34.4546,0.914859,0.857937
webp,75,img066,35.7669,0.934323,1.073003
webp,90,img066,42.7705,0.986133,2.167463
webp,60,img067,38.6040,0.952612,0.293886
webp,75,img067,39.5107,0.959481,0.378661
webp,90,img067,44.2821,0.983103,0.948092
webp,60,img068,36.3821,0.962866,0.148400
webp,75,img068,37.5974,0.969547,0.180689
webp,90,img068,43.3198,0.988151,0.370605
webp,60,img069,36.6058,0.966979,0.769341
webp,75,img069,37.9859,0.972618,0.912256
webp,90,img069,43.8860,0.986787,1.730555
webp,60,img070,40.2419,0.973521,0.332684
webp,75,img070,41.2526,0.975106,0.396370
webp,90,img070,45.5124,0.985979,0.992947
webp,60,img071,42.8462,0.986416,0.116524
webp,75,img071,43.9333,0.987823,0.143918
webp,90,img071,49.2361,0.993644,0.339384
webp,60,img072,39.1901,0.946535,0.282878
webp,75,img072,40.1344,0.956100,0.357475
webp,90,img072,44.5020,0.980334,0.743563
webp,60,img073,33.7559,0.864884,0.605960
webp,75,img073,35.0336,0.901271,0.809548
webp,90,img073,41.4624,0.978241,1.849627
webp,60,img074,38.2530,0.911113,0.184969
webp,75,img074,38.9993,0.920314,0.264175
webp,90,img074,43.4340,0.965863,0.920173
webp,60,img075,42.6139,0.982371,0.113519
webp,75,img075,43.5578,0.983729,0.135876
webp,90,img075,46.9207,0.988070,0.314791
webp,60,img076,31.5602,0.876058,1.021407
webp,75,img076,33.1203,0.915568,1.292488
webp,90,img076,39.9873,0.981921,2.528907
webp,60,img077,35.7724,0.919963,0.328442
webp,75,img077,36.7845,0.927357,0.398466
webp,90,img077,41.1114,0.956397,0.892102
webp,60,img078,33.2369,0.964719,1.749673
webp,75,img078,34.8884,0.975747,2.089264
webp,90,img078,41.8165,0.994631,3.714407
webp,60,img079,30.8560,0.965869,2.071036
webp,75,img079,32.6368,0.977048,2.456176
webp,90,img079,39.5424,0.994940,4.124358
webp,60,img080,33.5344,0.964394,1.772065
webp,75,img080,35.3201,0.976310,2.149652
webp,90,img080,42.0519,0.994501,3.764271
webp,60,img081,34.9018,0.951500,0.404082
webp,75,img081,36.1124,0.956991,0.480763
webp,90,img081,41.2526,0.972915,0.958218
webp,60,img082,36.9869,0.906619,0.171688
webp,75,img082,37.6386,0.910370,0.209048
webp,90,img082,40.7910,0.942345,0.563730
webp,60,img083,39.4524,0.946863,0.149853
webp,75,img083,40.0386,0.949286,0.176649
webp,90,img083,42.4526,0.962770,0.413866
webp,60,img084,37.0063,0.901818,0.253352
webp,75,img084,37.7693,0.911653,0.317047
webp,90,img084,41.1017,0.952519,0.767761
webp,60,img085,35.2895,0.928164,0.442041
webp,75,img085,35.6714,0.937273,0.619390
webp,90,img085,40.1204,0.970636,1.297565
webp,60,img086,39.0121,0.929456,0.089241
webp,75,img086,39.5559,0.933280,0.111314
webp,90,img086,42.0459,0.953672,0.358844
webp,60,img087,35.2034,0.948500,0.582609
webp,75,img087,36.1855,0.957350,0.703618
webp,90,img087,39.8536,0.979714,1.429376
webp,60,img088,41.2335,0.971481,0.167638
webp,75,img088,42.2498,0.976816,0.210585
webp,90,img088,46.0441,0.989116,0.474688
webp,60,img089,38.7672,0.953057,0.235904
webp,75,img089,39.6626,0.959405,0.284271
webp,90,img089,42.7822,0.977395,0.740576
webp,60,img090,36.1143,0.959550,0.646861
webp,75,img090,37.7754,0.971472,0.837095
webp,90,img090,44.6350,0.992204,1.874436
webp,60,img091,34.5620,0.868576,0.399745
webp,75,img091,35.3595,0.884949,0.505420
webp,60,img092,35.5177,0.923031,0.281516
webp,75,img092,36.5092,0.935390,0.358540
webp,90,img092,41.3077,0.970133,0.832944
webp,90,img091,39.4434,0.946548,1.227951
webp,60,img093,36.0419,0.903090,0.303363
webp,75,img093,36.9943,0.918402,0.396603
webp,90,img093,41.7276,0.967627,0.988308
webp,60,img094,31.3244,0.901865,1.108337
webp,75,img094,32.7269,0.921580,1.341172
webp,90,img094,38.9259,0.972920,2.413796
webp,60,img095,37.6002,0.906205,0.154017
webp,75,img095,38.2589,0.914568,0.193792
webp,90,img095,41.1148,0.945811,0.550777
webp,60,img096,36.7093,0.936542,0.359188
webp,75,img096,37.7481,0.944040,0.454885
webp,90,img096,42.2439,0.970616,1.044289
webp,60,img097,32.5640,0.894633,0.888947
webp,75,img097,33.9404,0.921358,1.105426
webp,90,img097,40.2760,0.977887,2.241089
webp,60,img098,36.7775,0.888751,0.185122
webp,75,img098,37.6363,0.905211,0.244150
webp,90,img098,41.1810,0.952671,0.733100
webp,60,img099,32.6272,0.876014,0.686725
webp,75,img099,33.8069,0.902035,0.857279
webp,90,img099,39.7801,0.971887,1.866588
webp,60,img100,36.9304,0.832719,0.055000
webp,75,img100,37.1162,0.840174,0.097779
webp,90,img100,40.9375,0.938002,0.762719
avif,28,img001,34.8001,0.920822,0.266586
avif,36,img001,37.4724,0.944512,0.587913
avif,44,img001,39.5272,0.958624,0.901951
avif,28,img002,33.4301,0.933997,0.134339
avif,36,img002,35.2724,0.950362,0.205608
avif,44,img002,37.2974,0.962324,0.307152
avif,28,img003,34.6543,0.877718,0.074061
avif,36,img003,36.0124,0.898686,0.167016
avif,44,img003,37.9070,0.923285,0.405302
avif,28,img004,28.3485,0.817742,0.174785
avif,36,img004,30.7624,0.865318,0.312637
avif,44,img004,33.5336,0.914399,0.523127
avif,28,img005,31.3515,0.825264,0.133044
avif,36,img005,32.8808,0.865561,0.212202
avif,44,img005,34.4645,0.896559,0.326487
avif,28,img006,33.7222,0.913206,0.152058
avif,36,img006,35.5079,0.936406,0.224811
avif,44,img006,37.3211,0.952711,0.320600
avif,28,img007,27.8730,0.860820,0.604164
avif,36,img007,29.9966,0.906395,0.899918
avif,44,img007,32.4907,0.941652,1.307953
avif,28,img008,33.7860,0.845746,0.045455
avif,36,img008,34.5821,0.854068,0.065444
avif,44,img008,35.3456,0.862922,0.100066
avif,28,img009,33.4470,0.924300,0.140624
avif,36,img009,35.1980,0.943976,0.209599
avif,44,img009,37.1315,0.958859,0.305994
avif,28,img010,43.2814,0.971782,0.017297
avif,36,img010,44.1791,0.973670,0.023887
avif,44,img010,44.9032,0.975098,0.033298
avif,28,img011,33.3096,0.900447,0.113533
avif,36,img011,34.9709,0.923328,0.170993
avif,44,img011,36.7564,0.942181,0.256045
avif,28,img012,37.9021,0.908221,0.054992
avif,36,img012,38.8947,0.920417,0.086390
avif,44,img012,39.8484,0.931446,0.137119
avif,28,img013,31.5853,0.882698,0.223103
avif,36,img013,33.1986,0.902370,0.324583
avif,44,img013,35.0312,0.919302,0.475174
avif,28,img014,24.9960,0.768218,0.657256
avif,36,img014,27.2724,0.811752,0.982971
avif,44,img014,29.7820,0.855089,1.371824
avif,28,img015,36.9896,0.904351,0.027358
avif,36,img015,37.8262,0.916741,0.056808
avif,44,img015,39.3451,0.938387,0.139444
avif,28,img016,36.5825,0.903608,0.072532
avif,36,img016,38.0969,0.928156,0.124380
avif,44,img016,39.7661,0.948005,0.200621
avif,28,img017,35.6158,0.917061,0.088885
avif,36,img017,37.2668,0.930244,0.152878
avif,44,img017,38.8255,0.943472,0.238112
avif,28,img018,29.6993,0.798322,0.165856
avif,36,img018,31.2068,0.839964,0.259935
avif,44,img018,32.8633,0.877506,0.407845
avif,28,img019,27.3417,0.769264,0.398772
avif,36,img019,29.7157,0.843062,0.728368
avif,44,img019,32.1052,0.892354,1.114221
avif,28,img020,27.2279,0.831073,0.529768
avif,36,img020,30.0737,0.900252,0.827574
avif,44,img020,32.9438,0.943589,1.139472
avif,28,img021,35.3066,0.925556,0.069011
avif,36,img021,36.7425,0.939047,0.102596
avif,44,img021,38.1761,0.949481,0.150268
avif,28,img022,41.8955,0.967514,0.012345
avif,36,img022,42.7617,0.969558,0.017459
avif,44,img022,43.6186,0.971920,0.027911
avif,28,img023,30.0037,0.640420,0.032205
avif,36,img023,30.1427,0.649304,0.055551
avif,44,img023,30.8849,0.717349,0.167914
avif,28,img024,38.2913,0.920306,0.044085
avif,36,img024,39.1088,0.925703,0.064045
avif,44,img024,39.8050,0.930226,0.091684
avif,28,img025,34.3621,0.943658,0.225900
avif,36,img025,36.8935,0.960269,0.363821
avif,44,img025,39.0303,0.971058,0.518920
avif,28,img026,37.8693,0.951085,0.091100
avif,36,img026,39.4817,0.963815,0.133312
avif,44,img026,41.6487,0.976310,0.208514
avif,28,img027,41.8244,0.952538,0.017558
avif,36,img027,42.3686,0.955272,0.028273
avif,44,img027,43.0050,0.959158,0.054710
avif,28,img028,38.5455,0.906847,0.016768
avif,36,img028,39.0190,0.910191,0.024755
avif,44,img028,39.4333,0.913649,0.038808
avif,28,img029,35.1899,0.885853,0.044238
avif,36,img029,36.2240,0.897715,0.068953
avif,44,img029,37.3372,0.911174,0.108076
avif,28,img030,31.5753,0.885096,0.539481
avif,36,img030,33.4531,0.912905,0.726785
avif,44,img030,35.0180,0.934310,0.906936
avif,28,img031,38.0652,0.958060,0.031462
avif,36,img031,39.6491,0.965635,0.053479
avif,44,img031,41.1822,0.972207,0.095140
avif,28,img032,42.9066,0.972714,0.015896
avif,36,img032,43.8321,0.974899,0.021948
avif,44,img032,44.4886,0.976726,0.030617
avif,28,img033,38.4380,0.896228,0.017867
avif,36,img033,38.7518,0.898578,0.025412
avif,44,img033,39.0136,0.900986,0.037298
avif,28,img034,34.5903,0.782669,0.021418
avif,36,img034,35.0163,0.802642,0.059507
avif,44,img034,36.2582,0.859563,0.285203
avif,28,img035,38.5343,0.960301,0.085622
avif,36,img035,40.8250,0.972305,0.156649
avif,44,img035,43.1276,0.980660,0.248183
avif,28,img036,39.5736,0.955673,0.026246
avif,36,img036,40.8067,0.960948,0.042618
avif,44,img036,42.0639,0.966080,0.073014
avif,28,img037,41.4430,0.956019,0.016947
avif,36,img037,42.3014,0.960389,0.024930
avif,44,img037,43.1209,0.964500,0.036669
avif,28,img038,37.5714,0.933619,0.017622
avif,36,img038,38.6614,0.939453,0.024907
avif,44,img038,39.7589,0.946656,0.036860
avif,28,img039,40.8649,0.959150,0.028785
avif,36,img039,42.0476,0.965636,0.042692
avif,44,img039,43.2430,0.971154,0.063278
avif,28,img040,27.3320,0.427459,0.026364
avif,36,img040,27.7926,0.523340,0.140368
avif,44,img040,29.9695,0.779752,0.639702
avif,28,img041,36.9752,0.897152,0.023843
avif,36,img041,37.8992,0.909776,0.038153
avif,44,img041,38.9187,0.921922,0.059775
avif,28,img042,28.4957,0.599539,0.114795
avif,36,img042,29.9052,0.730898,0.316679
avif,44,img042,32.1351,0.856207,0.659916
avif,28,img043,39.6765,0.954226,0.023568
avif,36,img043,40.8415,0.958788,0.032185
avif,44,img043,41.9512,0.962885,0.044555
avif,28,img044,43.8217,0.990628,0.045183
avif,36,img044,46.5136,0.994173,0.071227
avif,44,img044,49.0860,0.996578,0.103328
avif,28,img045,43.7635,0.970808,0.012483
avif,36,img045,44.3773,0.971979,0.016092
avif,44,img045,44.9021,0.973160,0.021776
avif,28,img046,30.4224,0.620800,0.018529
avif,36,img046,30.7985,0.645743,0.038068
avif,44,img046,31.8504,0.733758,0.098230
avif,28,img047,40.0474,0.959069,0.050132
avif,36,img047,41.6084,0.968320,0.072890
avif,44,img047,43.1158,0.975257,0.103551
avif,28,img048,44.6821,0.978868,0.009869
avif,36,img048,45.8233,0.981658,0.014965
avif,44,img048,47.0495,0.984441,0.023306
avif,28,img049,39.4495,0.923035,0.015172
avif,36,img049,39.7341,0.926397,0.024323
avif,44,img049,40.5462,0.938952,0.070060
avif,28,img050,31.0074,0.786544,0.086140
avif,36,img050,32.6717,0.863359,0.200613
avif,44,img050,34.4796,0.912126,0.370438
avif,28,img051,30.2934,0.833151,0.118581
avif,36,img051,31.3827,0.842874,0.158209
avif,44,img051,32.3717,0.857450,0.235586
avif,28,img052,35.6496,0.954630,0.059096
avif,36,img052,37.4108,0.962171,0.079785
avif,44,img052,39.2688,0.968409,0.106110
avif,28,img053,27.2277,0.933364,0.437455
avif,36,img053,29.1980,0.955672,0.642555
avif,44,img053,31.3656,0.972081,0.921887
avif,28,img054,35.7131,0.951767,0.068585
avif,36,img054,37.5289,0.962714,0.115420
avif,44,img054,39.5373,0.971936,0.193202
avif,28,img055,34.1324,0.826748,0.022414
avif,36,img055,34.7204,0.831014,0.032023
avif,44,img055,35.5449,0.848670,0.066379
avif,28,img056,33.3192,0.915671,0.042541
avif,36,img056,34.8401,0.926771,0.067203
avif,44,img056,36.5154,0.938543,0.129489
avif,28,img057,30.5744,0.775189,0.076055
avif,36,img057,31.9449,0.795863,0.102324
avif,44,img057,33.2754,0.816654,0.149939
avif,28,img058,34.9952,0.939568,0.046284
avif,36,img058,36.3871,0.948047,0.062629
avif,44,img058,37.8148,0.954958,0.089899
avif,28,img059,36.7579,0.901477,0.030731
avif,36,img059,37.4231,0.904540,0.038075
avif,44,img059,37.9563,0.907120,0.050681
avif,28,img060,30.3246,0.845117,0.088149
avif,36,img060,31.9110,0.870208,0.116612
avif,44,img060,33.4641,0.889524,0.156897
avif,28,img061,32.5241,0.868437,0.041824
avif,36,img061,33.8154,0.887919,0.080464
avif,44,img061,35.4528,0.913394,0.160212
avif,28,img062,36.1349,0.929515,0.029348
avif,36,img062,37.4299,0.936714,0.037880
avif,44,img062,38.5988,0.942054,0.051593
avif,28,img063,34.6408,0.897868,0.024086
avif,36,img063,35.8985,0.909733,0.036997
avif,44,img063,37.2293,0.921303,0.061144
avif,28,img064,33.0412,0.908255,0.081280
avif,36,img064,34.8900,0.924514,0.128465
avif,44,img064,36.8245,0.937738,0.213897
avif,28,img065,34.7225,0.925980,0.066565
avif,36,img065,36.3059,0.938261,0.085488
avif,44,img065,37.8248,0.947495,0.112874
avif,28,img066,29.3314,0.808301,0.180018
avif,36,img066,30.9961,0.833485,0.287455
avif,44,img066,32.8048,0.861740,0.456621
avif,28,img067,34.9294,0.923070,0.105887
avif,36,img067,36.4907,0.934333,0.181666
avif,44,img067,38.1289,0.947535,0.329154
avif,28,img068,31.9226,0.929516,0.053111
avif,36,img068,33.5996,0.939704,0.088346
avif,44,img068,35.5406,0.951942,0.144908
avif,28,img069,30.1633,0.916817,0.232818
avif,36,img069,32.3335,0.938429,0.337219
avif,44,img069,34.6635,0.954350,0.475470
avif,28,img070,34.8394,0.961911,0.078968
avif,36,img070,36.6162,0.966861,0.099398
avif,44,img070,38.4084,0.970553,0.127992
avif,28,img071,38.1406,0.974312,0.024625
avif,36,img071,39.4800,0.980326,0.040815
avif,44,img071,41.3938,0.983080,0.083363
avif,28,img072,35.2099,0.915583,0.075265
avif,36,img072,36.5855,0.926477,0.102928
avif,44,img072,37.9971,0.935400,0.146153
avif,28,img073,30.2638,0.700518,0.046117
avif,36,img073,30.9292,0.737786,0.103424
avif,44,img073,32.1130,0.796437,0.246369
avif,28,img074,34.6642,0.867721,0.040073
avif,36,img074,35.5401,0.879127,0.056103
avif,44,img074,36.3852,0.888891,0.080922
avif,28,img075,37.6443,0.968495,0.043140
avif,36,img075,39.4591,0.974627,0.061913
avif,44,img075,41.2580,0.978999,0.084993
avif,28,img076,26.2974,0.512603,0.145227
avif,36,img076,27.7317,0.674265,0.299126
avif,44,img076,29.5961,0.799183,0.538288
avif,28,img077,31.6946,0.871487,0.106499
avif,36,img077,33.4892,0.893897,0.199001
avif,44,img077,35.3502,0.913591,0.317609
avif,28,img078,27.9500,0.870440,0.444169
avif,36,img078,29.8702,0.917208,0.659424
avif,44,img078,31.9267,0.948138,0.943746
avif,28,img079,25.3825,0.859900,0.491147
avif,36,img079,27.1833,0.907710,0.747083
avif,44,img079,29.3208,0.942703,1.121021
avif,28,img080,28.2414,0.871929,0.440888
avif,36,img080,30.0917,0.916544,0.658931
avif,44,img080,32.0846,0.946941,0.951459
avif,28,img081,30.7881,0.909830,0.239564
avif,36,img081,33.1860,0.933734,0.405203
avif,44,img081,35.2399,0.947742,0.541309
avif,28,img082,33.7394,0.888907,0.067837
avif,36,img082,35.4767,0.896960,0.117198
avif,44,img082,36.9082,0.904278,0.177602
avif,28,img083,35.6932,0.929856,0.032850
avif,36,img083,36.8353,0.935474,0.040070
avif,44,img083,37.9762,0.940270,0.050020
avif,28,img084,33.1441,0.860158,0.070518
avif,36,img084,34.4552,0.876556,0.096331
avif,44,img084,35.7326,0.891188,0.132943
avif,28,img085,30.8426,0.856250,0.138266
avif,36,img085,32.4351,0.885222,0.193158
avif,44,img085,33.9603,0.907720,0.266377
avif,28,img086,36.3419,0.916669,0.017290
avif,36,img086,37.1668,0.920590,0.023707
avif,44,img086,37.9316,0.924263,0.033715
avif,28,img087,30.5971,0.886472,0.164242
avif,36,img087,32.1423,0.912128,0.217473
avif,44,img087,33.6603,0.931857,0.286650
avif,28,img088,36.9941,0.944156,0.046557
avif,36,img088,38.5384,0.956821,0.072687
avif,44,img088,40.2442,0.967430,0.130543
avif,28,img089,35.0050,0.916413,0.060462
avif,36,img089,36.5263,0.933236,0.084091
avif,44,img089,37.8813,0.945528,0.114949
avif,28,img090,30.4244,0.872313,0.107348
avif,36,img090,32.0597,0.904606,0.191967
avif,44,img090,34.3100,0.936987,0.345187
avif,28,img091,30.5798,0.791037,0.091719
avif,36,img091,31.9221,0.818044,0.133783
avif,44,img091,33.2098,0.842431,0.191672
avif,28,img092,31.4007,0.861219,0.065903
avif,36,img092,32.7371,0.885257,0.100966
avif,44,img092,34.1990,0.906624,0.157198
avif,28,img093,31.8318,0.833834,0.066869
avif,36,img093,32.9388,0.851923,0.093767
avif,44,img093,34.1064,0.871822,0.138344
avif,28,img094,26.0852,0.809175,0.346778
avif,36,img094,27.8028,0.838996,0.528530
avif,44,img094,29.8559,0.867056,0.792385
avif,28,img095,34.6548,0.869010,0.025673
avif,36,img095,35.5553,0.883104,0.040488
avif,44,img095,36.5439,0.895845,0.062855
avif,28,img096,32.3607,0.897164,0.163687
avif,36,img096,34.3064,0.913974,0.281602
avif,44,img096,35.9897,0.927952,0.424914
avif,28,img097,27.4442,0.697791,0.178426
avif,36,img097,29.0553,0.778436,0.311489
avif,44,img097,30.9132,0.846160,0.506034
avif,28,img098,33.7655,0.826149,0.031006
avif,36,img098,34.7658,0.849804,0.051904
avif,44,img098,35.8524,0.874185,0.085658
avif,28,img099,27.8080,0.686480,0.131270
avif,36,img099,29.3518,0.766534,0.221681
avif,44,img099,31.0523,0.833470,0.359612
avif,28,img100,36.5272,0.827767,0.006559
avif,36,img100,36.6777,0.828246,0.007817
avif,44,img100,36.7831,0.828779,0.010141
jxl,30,img001,36.1497,0.939084,0.307516
jxl,50,img001,37.7507,0.951952,0.414263
jxl,70,img001,39.8562,0.963976,0.596102
jxl,90,img001,47.5798,0.988437,1.280429
jxl,30,img002,35.3355,0.953974,0.290772
jxl,50,img002,36.9616,0.964485,0.398183
jxl,70,img002,39.4340,0.975225,0.594960
jxl,90,img002,48.9218,0.994676,1.346596
jxl,30,img003,36.3990,0.903201,0.190296
jxl,50,img003,37.6822,0.922385,0.277906
jxl,70,img003,41.8508,0.966627,0.479383
jxl,90,img003,50.0316,0.993194,0.827740
jxl,30,img004,29.1947,0.835640,0.291665
jxl,50,img004,31.0058,0.862770,0.430116
jxl,70,img004,33.6036,0.931856,0.752886
jxl,90,img004,44.5097,0.992819,1.776587
jxl,30,img005,32.9203,0.858829,0.288498
jxl,50,img005,34.3540,0.890024,0.401968
jxl,70,img005,36.4503,0.924907,0.608800
jxl,90,img005,45.2757,0.986420,1.431381
jxl,30,img006,35.8819,0.939143,0.315086
jxl,50,img006,37.5937,0.955084,0.420885
jxl,70,img006,39.7632,0.967808,0.588372
jxl,90,img006,47.5685,0.989717,1.219870
jxl,30,img007,28.4100,0.881631,0.826182
jxl,50,img007,30.1342,0.915176,1.130188
jxl,70,img007,32.5327,0.950670,1.661878
jxl,90,img007,42.3684,0.994081,3.126970
jxl,30,img008,34.9587,0.857249,0.131727
jxl,50,img008,35.7363,0.867637,0.184968
jxl,70,img008,36.9341,0.892786,0.315865
jxl,90,img008,44.3768,0.977657,0.997819
jxl,30,img009,35.6597,0.949465,0.287769
jxl,50,img009,37.6300,0.963968,0.394334
jxl,70,img009,40.0223,0.975283,0.559590
jxl,90,img009,49.3093,0.994219,1.119258
jxl,30,img010,45.0923,0.975168,0.063701
jxl,50,img010,45.7299,0.976482,0.077531
jxl,70,img010,46.3055,0.977628,0.106899
jxl,90,img010,50.2288,0.989015,0.398555
jxl,30,img011,35.3706,0.928949,0.259206
jxl,50,img011,36.9263,0.945201,0.353841
jxl,70,img011,39.1154,0.962006,0.518398
jxl,90,img011,47.5851,0.990659,1.122083
jxl,30,img012,39.6313,0.927211,0.166741
jxl,50,img012,40.4460,0.936712,0.229201
jxl,70,img012,44.0172,0.971199,0.418088
jxl,90,img012,51.5287,0.993254,0.740046
jxl,30,img013,33.2694,0.905356,0.430921
jxl,50,img013,34.8024,0.920632,0.582526
jxl,70,img013,36.9752,0.939599,0.852430
jxl,90,img013,45.4542,0.986831,1.791927
jxl,30,img014,25.1372,0.774466,0.782964
jxl,50,img014,27.0556,0.810593,1.077321
jxl,70,img014,29.5673,0.863274,1.554866
jxl,90,img014,39.7367,0.983599,2.816697
jxl,30,img015,38.1468,0.922639,0.120470
jxl,50,img015,39.1680,0.937594,0.203406
jxl,70,img015,41.2967,0.961650,0.383246
jxl,90,img015,49.9961,0.993459,1.049739
jxl,30,img016,38.7032,0.932830,0.197310
jxl,50,img016,40.1795,0.949848,0.276945
jxl,70,img016,42.1609,0.965803,0.408338
jxl,90,img016,49.5979,0.990442,0.964196
jxl,30,img017,36.7097,0.933709,0.136152
jxl,50,img017,37.9819,0.944186,0.192275
jxl,70,img017,39.9615,0.959383,0.303827
jxl,90,img017,48.0963,0.989912,0.798491
jxl,30,img018,31.1269,0.831757,0.332841
jxl,50,img018,32.5544,0.866799,0.467523
jxl,70,img018,34.7170,0.910555,0.718141
jxl,90,img018,43.9698,0.985708,1.625951
jxl,30,img019,27.2960,0.780714,0.557119
jxl,50,img019,29.3934,0.840936,0.852448
jxl,70,img019,32.0434,0.908620,1.337631
jxl,90,img019,42.3398,0.989580,2.524001
jxl,30,img020,28.1743,0.851033,0.738528
jxl,50,img020,32.1799,0.952404,1.144417
jxl,70,img020,37.4931,0.985927,1.477931
jxl,90,img020,45.2505,0.997222,2.118805
jxl,30,img021,37.5543,0.944442,0.174478
jxl,50,img021,38.8488,0.953152,0.229852
jxl,70,img021,40.5762,0.962218,0.337400
jxl,90,img021,48.6345,0.990421,0.952603
jxl,30,img022,43.7870,0.973085,0.046254
jxl,50,img022,44.5886,0.975754,0.059961
jxl,70,img022,45.6385,0.979486,0.092896
jxl,90,img022,53.5792,0.995090,0.286406
jxl,30,img023,30.2075,0.649473,0.101869
jxl,50,img023,30.4092,0.665280,0.172449
jxl,70,img023,31.8985,0.795493,0.408783
jxl,90,img023,41.9057,0.976535,1.280171
jxl,30,img024,39.8309,0.930849,0.132190
jxl,50,img024,40.5122,0.936423,0.173309
jxl,70,img024,41.3231,0.943422,0.249899
jxl,90,img024,46.8339,0.982402,0.750346
jxl,30,img025,35.0708,0.961884,0.255766
jxl,50,img025,36.9386,0.970441,0.337716
jxl,70,img025,39.4708,0.977618,0.472904
jxl,90,img025,47.6537,0.990688,0.933096
jxl,30,img026,39.9212,0.965200,0.222478
jxl,50,img026,43.7493,0.984504,0.354967
jxl,70,img026,48.9723,0.994584,0.472442
jxl,90,img026,56.6474,0.998663,0.689154
jxl,30,img027,42.8061,0.957138,0.077993
jxl,50,img027,43.4019,0.960697,0.116184
jxl,70,img027,44.3702,0.967071,0.216840
jxl,90,img027,49.5498,0.987812,0.726203
jxl,30,img028,39.3424,0.912191,0.068713
jxl,50,img028,39.7736,0.917087,0.097827
jxl,70,img028,40.6431,0.930702,0.180689
jxl,90,img028,47.0955,0.983477,0.675194
jxl,30,img029,36.7263,0.900424,0.131026
jxl,50,img029,37.7091,0.912168,0.180785
jxl,70,img029,39.1367,0.929421,0.283654
jxl,90,img029,45.1619,0.976792,0.817610
jxl,30,img030,30.5118,0.894062,0.384398
jxl,50,img030,32.2732,0.917255,0.523504
jxl,70,img030,34.9638,0.944130,0.761763
jxl,90,img030,43.4832,0.982613,1.403659
jxl,30,img031,39.5483,0.965591,0.083427
jxl,50,img031,40.8889,0.971678,0.107469
jxl,70,img031,42.7493,0.977596,0.147859
jxl,90,img031,48.4741,0.989740,0.344269
jxl,30,img032,44.5224,0.975733,0.061573
jxl,50,img032,45.3704,0.977889,0.076905
jxl,70,img032,46.2185,0.979622,0.104760
jxl,90,img032,49.6889,0.988354,0.330445
jxl,30,img033,39.0261,0.900602,0.064495
jxl,50,img033,39.2478,0.903552,0.088393
jxl,70,img033,39.9431,0.916773,0.165843
jxl,90,img033,47.6353,0.985678,0.736340
jxl,30,img034,35.2684,0.808607,0.164750
jxl,50,img034,35.9811,0.839339,0.306272
jxl,70,img034,38.0399,0.908258,0.657189
jxl,90,img034,48.2898,0.990392,1.777652
jxl,30,img035,40.4910,0.973989,0.142560
jxl,50,img035,42.0146,0.980221,0.192942
jxl,70,img035,44.4943,0.986456,0.287932
jxl,90,img035,51.8917,0.994665,0.633600
jxl,30,img036,41.5974,0.964310,0.069244
jxl,50,img036,42.6008,0.968621,0.089696
jxl,70,img036,43.8150,0.973313,0.131847
jxl,90,img036,48.8581,0.988433,0.391038
jxl,30,img037,42.8947,0.962271,0.065930
jxl,50,img037,43.6524,0.966005,0.087567
jxl,70,img037,44.5889,0.970228,0.127271
jxl,90,img037,50.0675,0.989382,0.500656
jxl,30,img038,39.6123,0.944577,0.057540
jxl,50,img038,40.5042,0.952353,0.072985
jxl,70,img038,41.9805,0.961604,0.105896
jxl,90,img038,46.7338,0.982993,0.270232
jxl,30,img039,42.6937,0.968155,0.091644
jxl,50,img039,43.8140,0.973282,0.121852
jxl,70,img039,45.2328,0.978443,0.174771
jxl,90,img039,50.0136,0.990454,0.459840
jxl,30,img040,27.6041,0.463416,0.156889
jxl,50,img040,28.3719,0.584752,0.379131
jxl,70,img040,31.1161,0.831126,0.889351
jxl,90,img040,41.9261,0.986390,2.122334
jxl,30,img041,38.1440,0.906276,0.079839
jxl,50,img041,38.8606,0.915691,0.106023
jxl,70,img041,40.1325,0.931990,0.166454
jxl,90,img041,46.4690,0.981226,0.647226
jxl,30,img042,28.9706,0.626838,0.294191
jxl,50,img042,30.2920,0.740255,0.539128
jxl,70,img042,33.3969,0.894694,0.983167
jxl,90,img042,43.9519,0.990666,2.079877
jxl,30,img043,41.6375,0.961288,0.078748
jxl,50,img043,42.6647,0.965526,0.096604
jxl,70,img043,43.6945,0.969087,0.135930
jxl,90,img043,47.9829,0.985339,0.419368
jxl,30,img044,45.2071,0.994459,0.062648
jxl,50,img044,47.2844,0.996398,0.081264
jxl,70,img044,50.3277,0.997816,0.115652
jxl,90,img044,59.8770,0.999353,0.216082
jxl,30,img045,45.0568,0.973115,0.050772
jxl,50,img045,45.4841,0.974647,0.062873
jxl,70,img045,46.0388,0.976562,0.089237
jxl,90,img045,51.6638,0.992237,0.391398
jxl,30,img046,31.2648,0.668174,0.097942
jxl,50,img046,32.0961,0.724626,0.168056
jxl,70,img046,33.9707,0.835747,0.314681
jxl,90,img046,41.0448,0.970155,0.923332
jxl,30,img047,42.4855,0.970303,0.144686
jxl,50,img047,43.8721,0.976639,0.189456
jxl,70,img047,45.6412,0.982475,0.268164
jxl,90,img047,52.3901,0.993961,0.707308
jxl,30,img048,46.8678,0.983525,0.035743
jxl,50,img048,48.5789,0.988349,0.052630
jxl,70,img048,52.0379,0.994024,0.092917
jxl,90,img048,59.9360,0.998943,0.158268
jxl,30,img049,39.9434,0.928960,0.077842
jxl,50,img049,40.5816,0.938808,0.144144
jxl,70,img049,42.7873,0.964259,0.330738
jxl,90,img049,52.6264,0.994841,1.096233
jxl,30,img050,32.3074,0.830422,0.258782
jxl,50,img050,33.7001,0.883673,0.406274
jxl,70,img050,36.0954,0.939560,0.671971
jxl,90,img050,45.9251,0.993328,1.605510
jxl,30,img051,31.7023,0.848098,0.319556
jxl,50,img051,32.5362,0.856392,0.428293
jxl,70,img051,33.8854,0.889355,0.690004
jxl,90,img051,42.7277,0.985363,1.707050
jxl,30,img052,38.1251,0.969523,0.163973
jxl,50,img052,40.0432,0.973508,0.211500
jxl,70,img052,42.1970,0.976506,0.282790
jxl,90,img052,49.9062,0.991864,0.740142
jxl,30,img053,27.8569,0.944758,0.726651
jxl,50,img053,29.7654,0.963150,0.976500
jxl,70,img053,32.2781,0.979088,1.376645
jxl,90,img053,41.5403,0.997065,2.561753
jxl,30,img054,38.0576,0.968579,0.138405
jxl,50,img054,41.0112,0.980870,0.203851
jxl,70,img054,45.6690,0.991777,0.273314
jxl,90,img054,52.7181,0.997966,0.399584
jxl,30,img055,35.3874,0.844955,0.097004
jxl,50,img055,37.0154,0.884588,0.195473
jxl,70,img055,41.1196,0.958390,0.308059
jxl,90,img055,49.0128,0.992418,0.461422
jxl,30,img056,35.7192,0.936121,0.104332
jxl,50,img056,37.0002,0.945232,0.136288
jxl,70,img056,40.5933,0.974346,0.231054
jxl,90,img056,48.5322,0.994311,0.396778
jxl,30,img057,32.5151,0.814896,0.192007
jxl,50,img057,33.5159,0.827009,0.262179
jxl,70,img057,35.0502,0.858951,0.414521
jxl,90,img057,42.5898,0.968799,1.085913
jxl,30,img058,37.4937,0.957474,0.150087
jxl,50,img058,38.4910,0.961932,0.193096
jxl,70,img058,40.0606,0.967137,0.278264
jxl,90,img058,47.4332,0.986924,0.686030
jxl,30,img059,38.1439,0.909213,0.096304
jxl,50,img059,38.6655,0.912683,0.125965
jxl,70,img059,39.5704,0.924804,0.193946
jxl,90,img059,44.7992,0.975771,0.603300
jxl,30,img060,32.9597,0.892917,0.202783
jxl,50,img060,34.2483,0.904376,0.260597
jxl,70,img060,35.8386,0.916584,0.356598
jxl,90,img060,42.9633,0.971940,0.841539
jxl,30,img061,34.5299,0.898342,0.104112
jxl,50,img061,35.8354,0.918148,0.147372
jxl,70,img061,37.8508,0.946571,0.223402
jxl,90,img061,45.2426,0.986581,0.521074
jxl,30,img062,38.6018,0.943857,0.075982
jxl,50,img062,39.6641,0.947634,0.094734
jxl,70,img062,40.6553,0.952020,0.134145
jxl,90,img062,45.9313,0.978845,0.407131
jxl,30,img063,36.5026,0.919371,0.062558
jxl,50,img063,37.4599,0.926002,0.082266
jxl,70,img063,38.7611,0.936697,0.127392
jxl,90,img063,45.3733,0.981314,0.374839
jxl,30,img064,34.9271,0.930935,0.149383
jxl,50,img064,36.2778,0.939455,0.194031
jxl,70,img064,38.0292,0.949394,0.276592
jxl,90,img064,44.9572,0.980380,0.594597
jxl,30,img065,37.8132,0.952232,0.173282
jxl,50,img065,39.1440,0.957525,0.220455
jxl,70,img065,40.6245,0.962101,0.306383
jxl,90,img065,47.4872,0.986377,0.769025
jxl,30,img066,30.2508,0.831164,0.375734
jxl,50,img066,31.6951,0.851780,0.526328
jxl,70,img066,34.0915,0.900561,0.833872
jxl,90,img066,44.0729,0.988851,1.747032
jxl,30,img067,36.5789,0.937065,0.192822
jxl,50,img067,37.7172,0.944599,0.260243
jxl,70,img067,39.4295,0.958976,0.394767
jxl,90,img067,47.5043,0.989761,0.932631
jxl,30,img068,32.7023,0.942548,0.087785
jxl,50,img068,33.6882,0.949364,0.117022
jxl,70,img068,35.6635,0.961116,0.174888
jxl,90,img068,44.9134,0.990964,0.361616
jxl,30,img069,31.5269,0.942590,0.459582
jxl,50,img069,33.5941,0.956528,0.607332
jxl,70,img069,36.2892,0.969177,0.850655
jxl,90,img069,45.5841,0.991401,1.595899
jxl,30,img070,36.6950,0.968473,0.238620
jxl,50,img070,38.3539,0.971519,0.294811
jxl,70,img070,40.3616,0.973664,0.406159
jxl,90,img070,47.8932,0.990799,0.925601
jxl,30,img071,39.6730,0.982468,0.085869
jxl,50,img071,40.5323,0.982624,0.108255
jxl,70,img071,42.2903,0.987128,0.150162
jxl,90,img071,51.4840,0.996239,0.380104
jxl,30,img072,37.7477,0.933784,0.200403
jxl,50,img072,39.7816,0.946959,0.274993
jxl,70,img072,43.2517,0.976754,0.367392
jxl,90,img072,50.9416,0.994998,0.563339
jxl,30,img073,31.1815,0.734249,0.197021
jxl,50,img073,31.9876,0.777221,0.320567
jxl,70,img073,34.0160,0.867462,0.584510
jxl,90,img073,43.0446,0.983149,1.452000
jxl,30,img074,36.3815,0.894927,0.103443
jxl,50,img074,36.8189,0.899052,0.133967
jxl,70,img074,38.0162,0.912177,0.218424
jxl,90,img074,45.6653,0.979122,0.799872
jxl,30,img075,40.8551,0.979997,0.102061
jxl,50,img075,42.3486,0.982713,0.127529
jxl,70,img075,43.8845,0.984131,0.173067
jxl,90,img075,49.7821,0.991823,0.404250
jxl,30,img076,27.4411,0.587464,0.320268
jxl,50,img076,28.7265,0.700846,0.493375
jxl,70,img076,30.9513,0.840674,0.815525
jxl,90,img076,41.1465,0.985163,1.881231
jxl,30,img077,32.9470,0.887399,0.174556
jxl,50,img077,34.4533,0.906561,0.240709
jxl,70,img077,36.4300,0.924990,0.356118
jxl,90,img077,42.4256,0.962357,0.750941
jxl,30,img078,28.2733,0.855990,0.695820
jxl,50,img078,30.3650,0.917142,0.959326
jxl,70,img078,33.1913,0.959683,1.383090
jxl,90,img078,43.0618,0.995623,2.606339
jxl,30,img079,25.2966,0.826177,0.754115
jxl,50,img079,27.2277,0.897948,1.047677
jxl,70,img079,30.1100,0.950314,1.556660
jxl,90,img079,40.3320,0.995158,2.927116
jxl,30,img080,28.4241,0.856146,0.692625
jxl,50,img080,30.4809,0.914361,0.956746
jxl,70,img080,33.2666,0.958031,1.397436
jxl,90,img080,43.1726,0.995397,2.661751
jxl,30,img081,31.2860,0.919691,0.213135
jxl,50,img081,32.9185,0.937791,0.284470
jxl,70,img081,35.2563,0.951648,0.416891
jxl,90,img081,42.9101,0.976523,0.825676
jxl,30,img082,34.8145,0.893730,0.100384
jxl,50,img082,35.9464,0.900422,0.139952
jxl,70,img082,37.4064,0.908403,0.194832
jxl,90,img082,41.9458,0.951741,0.466549
jxl,30,img083,37.8820,0.942075,0.090675
jxl,50,img083,38.9080,0.945812,0.111783
jxl,70,img083,40.1084,0.949297,0.144212
jxl,90,img083,44.0927,0.970210,0.358751
jxl,30,img084,35.7056,0.889616,0.170006
jxl,50,img084,36.8281,0.900787,0.221704
jxl,70,img084,38.1197,0.914428,0.309460
jxl,90,img084,43.1774,0.965911,0.741367
jxl,30,img085,32.7568,0.889268,0.274994
jxl,50,img085,34.2193,0.910879,0.349883
jxl,70,img085,36.0708,0.933062,0.483877
jxl,90,img085,43.1112,0.980042,1.075722
jxl,30,img086,38.1486,0.924416,0.063825
jxl,50,img086,38.8621,0.928582,0.076558
jxl,70,img086,39.7616,0.934005,0.110128
jxl,90,img086,43.7450,0.963958,0.323371
jxl,30,img087,32.4182,0.917633,0.314171
jxl,50,img087,33.9689,0.937000,0.399824
jxl,70,img087,35.8556,0.953920,0.547205
jxl,90,img087,43.2833,0.988963,1.186323
jxl,30,img088,39.3796,0.961785,0.114538
jxl,50,img088,40.9670,0.970566,0.146974
jxl,70,img088,42.0717,0.978249,0.212250
jxl,90,img088,46.8886,0.993087,0.490518
jxl,30,img089,37.0740,0.938473,0.154422
jxl,50,img089,38.3869,0.950418,0.195124
jxl,70,img089,39.9203,0.960641,0.268025
jxl,90,img089,46.0261,0.987355,0.696824
jxl,30,img090,31.9841,0.905632,0.269894
jxl,50,img090,33.6544,0.931968,0.403111
jxl,70,img090,36.3974,0.962096,0.660708
jxl,90,img090,46.8905,0.995298,1.578287
jxl,30,img091,32.5990,0.828293,0.215366
jxl,50,img091,33.7081,0.849318,0.276343
jxl,70,img091,35.1461,0.876759,0.401702
jxl,90,img091,41.8875,0.965290,1.009289
jxl,30,img092,33.3328,0.892695,0.160293
jxl,50,img092,34.7074,0.911628,0.227116
jxl,70,img092,36.5314,0.932423,0.335805
jxl,90,img092,43.6082,0.976641,0.753802
jxl,30,img093,33.7785,0.865990,0.180956
jxl,50,img093,34.8771,0.883366,0.241007
jxl,70,img093,36.5264,0.912109,0.358584
jxl,90,img093,43.6346,0.976521,0.927839
jxl,30,img094,27.1025,0.843181,0.551617
jxl,50,img094,28.4424,0.864145,0.749122
jxl,70,img094,30.5258,0.893304,1.099822
jxl,90,img094,39.8416,0.976579,2.055803
jxl,30,img095,36.4536,0.890502,0.084649
jxl,50,img095,37.2909,0.901853,0.112053
jxl,70,img095,38.4810,0.916312,0.169557
jxl,90,img095,43.2195,0.962354,0.467328
jxl,30,img096,34.1342,0.918283,0.239964
jxl,50,img096,35.5770,0.929373,0.316892
jxl,70,img096,37.4255,0.942804,0.449803
jxl,90,img096,44.2978,0.977472,0.969194
jxl,30,img097,28.9067,0.747980,0.374730
jxl,50,img097,30.4471,0.815770,0.547108
jxl,70,img097,32.7301,0.890028,0.829243
jxl,90,img097,41.9958,0.982897,1.770317
jxl,30,img098,35.5009,0.859693,0.108149
jxl,50,img098,36.4435,0.880090,0.142329
jxl,70,img098,37.7972,0.906834,0.219710
jxl,90,img098,43.6397,0.969525,0.636385
jxl,30,img099,29.4750,0.749382,0.319068
jxl,50,img099,30.8908,0.811722,0.455588
jxl,70,img099,32.9704,0.882989,0.690165
jxl,90,img099,41.8181,0.980289,1.536873
jxl,30,img100,36.8641,0.829720,0.031535
jxl,50,img100,36.9476,0.830234,0.035964
jxl,70,img100,37.0969,0.834486,0.054249
jxl,90,img100,43.1135,0.960282,0.526157
