encoder,quality,img_id,psnr_y,ssim_y,bpp,bytes,wall_s,user_s,sys_s,max_rss_kb
webp,60,img001,38.6361,0.958375,0.553095,2086274,4.11,3.87,0.08,173184
webp,75,img001,39.7623,0.964624,0.683811,2579334,4.01,4.0,0.09,173184
webp,90,img001,44.684,0.983208,1.474733,5562694,4.7,4.64,0.15,173312
webp,60,img002,38.884,0.970426,0.585946,3089212,6.32,5.73,0.15,247936
webp,75,img002,39.9552,0.974981,0.784001,4133390,18.85,18.62,0.26,247808
webp,90,img002,45.682,0.989273,1.680735,8861132,20.89,20.51,0.49,247808
webp,60,img003,38.3112,0.935613,0.391274,1768182,4.66,4.43,0.07,201088
webp,75,img003,39.2204,0.947206,0.49347,2230010,4.53,4.55,0.09,201088
webp,90,img003,44.2875,0.982114,1.172764,5299766,16.42,16.29,0.23,201088
webp,60,img004,35.267,0.945772,0.879973,1230892,2.21,2.06,0.08,71936
webp,75,img004,36.8273,0.959675,1.130346,1581110,2.19,2.18,0.06,71936
webp,90,img004,44.2955,0.99126,2.365546,3308888,2.39,2.33,0.09,83392
webp,60,img005,35.622,0.920092,0.634594,1332342,2.86,2.7,0.08,102528
webp,75,img005,36.7407,0.936108,0.810995,1702700,2.83,2.84,0.05,102656
webp,90,img005,42.4434,0.97853,1.795247,3769158,3.23,3.17,0.11,102528
webp,60,img006,38.4203,0.960377,0.542754,1492542,4.52,4.15,0.18,128128
webp,75,img006,39.6007,0.96692,0.658078,1809674,3.46,3.45,0.09,128256
webp,90,img006,44.5562,0.984179,1.375682,3783042,4.21,4.17,0.12,128256
webp,60,img007,33.8879,0.964936,1.899564,3020216,3.02,2.65,0.1,88704
webp,75,img007,35.5972,0.976609,2.280635,3626100,2.66,2.61,0.09,93960
webp,90,img007,41.3396,0.993671,3.773308,5999378,3.21,3.1,0.14,143368
webp,60,img008,36.4156,0.888024,0.324515,475108,1.76,1.67,0.06,69632
webp,75,img008,37.2489,0.904866,0.468116,685348,1.8,1.8,0.03,69760
webp,90,img008,41.2833,0.957667,1.255216,1837706,2.02,1.99,0.07,69760
webp,60,img009,38.8219,0.969722,0.531072,1468308,3.47,3.28,0.12,128128
webp,75,img009,40.1651,0.975173,0.645728,1785310,3.32,3.31,0.09,128000
webp,90,img009,45.6706,0.988944,1.316372,3639506,3.77,3.74,0.1,128128
webp,60,img010,45.4558,0.976024,0.081949,179546,2.13,2.14,0.04,92288
webp,75,img010,45.7803,0.976744,0.101254,221842,2.05,2.05,0.06,92288
webp,90,img010,47.7152,0.982798,0.360183,789138,2.37,2.36,0.07,92416
webp,60,img011,38.5168,0.95603,0.480066,814438,1.98,1.94,0.05,78848
webp,75,img011,39.6894,0.964685,0.603074,1023122,2.01,1.99,0.06,78976
webp,90,img011,44.9748,0.985173,1.295617,2198030,2.33,2.27,0.07,78976
webp,60,img012,40.8437,0.942358,0.301723,658800,2.27,2.15,0.05,98944
webp,75,img012,41.7463,0.952553,0.40478,883822,2.22,2.22,0.05,99072
webp,90,img012,46.7692,0.984135,0.990017,2161666,2.65,2.63,0.07,99072
webp,60,img013,36.6104,0.939497,0.835802,1820136,2.92,2.65,0.13,107776
webp,75,img013,37.745,0.948244,1.010852,2201344,3.0,2.9,0.1,107776
webp,90,img013,43.5893,0.983505,2.136352,4652360,3.15,3.14,0.08,118260
webp,60,img014,30.8731,0.916794,1.843502,2814158,2.3,2.14,0.07,82688
webp,75,img014,32.4012,0.932866,2.162279,3300780,2.28,2.21,0.08,89368
webp,90,img014,39.1463,0.984226,3.510004,5358120,2.62,2.55,0.1,129692
webp,60,img015,40.8392,0.957445,0.390061,1014834,2.84,2.6,0.05,118656
webp,75,img015,42.1814,0.96879,0.542103,1410406,2.86,2.78,0.09,118528
webp,90,img015,47.5468,0.990512,1.309551,3407100,3.21,3.19,0.09,118528
webp,60,img016,40.707,0.955351,0.347313,723280,2.06,2.0,0.06,95232
webp,75,img016,41.7994,0.963873,0.441349,919110,2.07,2.07,0.04,95488
webp,90,img016,46.4083,0.98392,1.046578,2179498,2.51,2.49,0.07,95360
webp,60,img017,39.3833,0.953066,0.284754,685038,2.28,2.15,0.06,105984
webp,75,img017,40.5273,0.96155,0.372737,896700,2.24,2.23,0.06,105984
webp,90,img017,45.5404,0.984102,0.913132,2196736,2.62,2.6,0.07,105984
webp,60,img018,34.2427,0.906546,0.767003,2284548,3.61,3.34,0.1,147072
webp,75,img018,35.6032,0.92739,0.976205,2907664,3.53,3.5,0.1,147072
webp,90,img018,41.8053,0.980086,2.044911,6090846,7.05,6.91,0.21,158172
webp,60,img019,33.7725,0.945956,1.630952,3652498,3.48,3.14,0.13,116608
webp,75,img019,35.5139,0.963084,1.920787,4301580,3.33,3.25,0.13,116608
webp,90,img019,42.4286,0.99074,3.176982,7114812,3.52,3.39,0.17,172364
webp,60,img020,32.602,0.955683,1.808468,9485480,22.87,21.66,0.56,273152
webp,75,img020,34.3602,0.974018,2.109788,11065914,22.48,22.11,0.48,295436
webp,90,img020,40.4224,0.993322,3.37583,17706344,23.76,22.95,0.92,432572
webp,60,img021,39.5866,0.956654,0.286098,470214,1.71,1.61,0.03,77184
webp,75,img021,40.6422,0.962546,0.369689,607598,1.68,1.69,0.03,77312
webp,90,img021,45.5984,0.983444,1.074207,1765502,1.96,1.93,0.06,77312
webp,60,img022,44.6318,0.976156,0.074613,92042,0.97,0.92,0.03,51584
webp,75,img022,45.2642,0.97859,0.097555,120344,0.95,0.94,0.04,51712
webp,90,img022,48.8444,0.989018,0.312339,385302,1.11,1.11,0.03,51584
webp,60,img023,32.7816,0.844143,0.613281,1046326,2.15,1.83,0.04,80384
webp,75,img023,34.0799,0.88255,0.838608,1430760,2.09,2.08,0.05,80384
webp,90,img023,40.1519,0.962336,1.830688,3123358,2.42,2.4,0.07,88792
webp,60,img024,40.6868,0.937838,0.206053,457810,2.33,2.07,0.05,100480
webp,75,img024,41.1604,0.94235,0.259916,577484,2.14,2.13,0.06,100608
webp,90,img024,44.7066,0.972588,0.781012,1735260,2.51,2.48,0.07,100608
webp,60,img025,39.3558,0.974033,0.43148,1192956,2.8,2.62,0.07,123264
webp,75,img025,40.6178,0.977839,0.515248,1424558,2.68,2.68,0.07,123136
webp,90,img025,45.5304,0.987707,1.021917,2825396,3.02,3.0,0.08,123136
webp,60,img026,43.0002,0.982181,0.391913,1030060,2.79,2.59,0.09,118400
webp,75,img026,44.3669,0.986673,0.491344,1291394,2.7,2.71,0.05,118528
webp,90,img026,50.7614,0.996444,0.999464,2626880,2.98,2.96,0.08,118528
webp,60,img027,43.7943,0.964412,0.206076,345654,1.55,1.53,0.03,76800
webp,75,img027,44.297,0.967732,0.291132,488320,1.59,1.6,0.02,76800
webp,90,img027,47.0451,0.980667,0.889825,1492514,1.87,1.85,0.06,76928
webp,60,img028,40.0507,0.92412,0.14825,444750,2.84,2.67,0.05,129280
webp,75,img028,40.7097,0.934648,0.229079,687238,2.76,2.76,0.06,129408
webp,90,img028,44.3222,0.970886,0.768699,2306098,3.34,3.34,0.07,129408
webp,60,img029,38.3493,0.921183,0.252525,426136,1.6,1.58,0.04,78976
webp,75,img029,39.1361,0.930831,0.343806,580172,1.63,1.64,0.03,78848
webp,90,img029,42.7408,0.963821,0.967605,1632834,2.09,2.12,0.07,78720
webp,60,img030,35.0156,0.943134,0.766171,992996,1.42,1.33,0.03,60416
webp,75,img030,36.3684,0.954339,0.913513,1183958,1.4,1.38,0.05,60672
webp,90,img030,42.0425,0.979111,1.670965,2165654,1.59,1.57,0.05,62596
webp,60,img031,41.6142,0.974156,0.131534,693472,4.18,3.95,0.14,209792
webp,75,img031,42.3811,0.976908,0.158311,834644,4.16,4.18,0.11,209920
webp,90,img031,45.4942,0.985337,0.358914,1892260,4.6,4.64,0.09,209920
webp,60,img032,45.0531,0.977384,0.077086,172634,1.84,1.76,0.05,93824
webp,75,img032,45.4098,0.978453,0.094066,210660,1.94,1.94,0.05,93824
webp,90,img032,47.3211,0.983903,0.281484,630380,2.43,2.43,0.06,93696
webp,60,img033,39.617,0.912953,0.15173,492334,3.16,3.05,0.1,140800
webp,75,img033,40.2288,0.924539,0.240069,778976,3.37,3.1,0.27,140928
webp,90,img033,44.209,0.969641,0.924043,2998334,4.01,3.95,0.13,140928
webp,60,img034,38.2658,0.91742,0.861868,2138394,3.56,3.23,0.12,126080
webp,75,img034,39.8118,0.94287,1.164397,2889004,3.34,3.31,0.08,126208
webp,90,img034,46.8246,0.987374,2.446676,6070486,3.88,3.8,0.14,153032
webp,60,img035,43.858,0.984813,0.265362,333678,1.37,1.26,0.03,56064
webp,75,img035,45.0242,0.987244,0.323503,406786,1.28,1.26,0.03,56320
webp,90,img035,49.6024,0.99301,0.697501,877068,1.53,1.48,0.05,56320
webp,60,img036,42.8425,0.969762,0.105174,139706,1.37,1.3,0.02,57216
webp,75,img036,43.4436,0.972632,0.133933,177908,1.41,1.32,0.05,57344
webp,90,img036,46.2974,0.982829,0.361581,480302,1.38,1.34,0.04,57344
webp,60,img037,43.7027,0.966623,0.096159,143564,1.47,1.37,0.03,66304
webp,75,img037,44.1857,0.968795,0.122862,183432,1.32,1.32,0.04,66432
webp,90,img037,47.1194,0.981443,0.466072,695842,1.68,1.66,0.05,66304
webp,60,img038,40.8479,0.954566,0.087348,216950,2.03,1.92,0.06,99968
webp,75,img038,41.5582,0.959603,0.108932,270560,1.95,1.97,0.04,99968
webp,90,img038,44.4579,0.976995,0.26399,655686,2.16,2.17,0.05,99968
webp,60,img039,43.7963,0.973338,0.135667,210838,1.36,1.28,0.04,67584
webp,75,img039,44.4907,0.976409,0.16849,261848,1.34,1.34,0.04,67712
webp,90,img039,47.4498,0.986204,0.428103,665308,1.51,1.51,0.04,67584
webp,60,img040,32.5978,0.892188,1.349197,1371020,1.51,1.35,0.04,51840
webp,75,img040,34.4229,0.929081,1.665253,1692188,1.38,1.35,0.05,53420
webp,90,img040,41.9751,0.986786,2.942741,2990340,1.54,1.51,0.05,81456
webp,60,img041,39.3434,0.923509,0.136466,325866,2.37,2.23,0.06,104448
webp,75,img041,40.0272,0.931616,0.18684,446152,2.15,2.14,0.06,104448
webp,90,img041,43.6713,0.967094,0.719341,1717702,2.62,2.61,0.06,104448
webp,60,img042,33.9239,0.915274,1.290862,2177362,2.32,2.15,0.06,86144
webp,75,img042,35.6924,0.944044,1.55127,2616604,2.26,2.23,0.07,86144
webp,90,img042,43.279,0.98951,2.843938,4797012,2.52,2.49,0.06,123496
webp,60,img043,42.725,0.965879,0.109438,203434,1.55,1.54,0.04,79872
webp,75,img043,43.2725,0.968291,0.136442,253632,1.58,1.59,0.03,79872
webp,90,img043,45.4721,0.977821,0.420597,781846,1.84,1.84,0.05,79872
webp,60,img044,49.4946,0.997422,0.113106,253300,1.52,1.44,0.07,86656
webp,75,img044,50.9366,0.99796,0.131977,295562,1.45,1.46,0.04,86784
webp,90,img044,56.8378,0.999168,0.238229,533512,1.51,1.51,0.05,86656
webp,60,img045,45.3747,0.974409,0.06481,170340,2.43,2.29,0.05,110336
webp,75,img045,45.7345,0.97576,0.08452,222142,2.3,2.29,0.07,110592
webp,90,img045,48.2756,0.984963,0.392847,1032514,2.58,2.6,0.04,110464
webp,60,img046,33.2558,0.797495,0.286302,724780,2.67,2.49,0.05,115968
webp,75,img046,34.3306,0.84628,0.402185,1018140,2.57,2.58,0.05,116096
webp,90,img046,39.7024,0.961601,1.13537,2874212,3.13,3.11,0.08,115968
webp,60,img047,44.0344,0.977029,0.216009,648028,3.01,2.78,0.11,132992
webp,75,img047,44.9757,0.980228,0.270418,811254,2.91,2.9,0.07,132992
webp,90,img047,48.7832,0.989781,0.684683,2054048,3.34,3.34,0.07,132992
webp,60,img048,47.8956,0.986923,0.060165,85260,1.12,1.06,0.03,56960
webp,75,img048,48.7875,0.989065,0.077644,110030,1.08,1.07,0.03,56960
webp,90,img048,53.6255,0.996052,0.208895,296028,1.14,1.15,0.02,56960
webp,60,img049,41.9834,0.957561,0.348034,1849426,5.8,5.26,0.14,236160
webp,75,img049,43.211,0.967926,0.516922,2746886,5.58,5.55,0.16,236288
webp,90,img049,49.2396,0.990398,1.428942,7593288,21.5,21.17,0.45,236032
webp,60,img050,35.8454,0.935001,0.769058,3475404,5.62,5.27,0.14,211584
webp,75,img050,37.161,0.953623,1.024231,4628540,17.84,17.69,0.25,211584
webp,90,img050,43.4953,0.988426,2.124868,9602362,19.51,19.08,0.53,262168
webp,60,img051,34.1953,0.90573,0.667513,1779182,3.81,3.24,0.09,130432
webp,75,img051,35.1971,0.927684,0.898967,2396098,3.34,3.31,0.09,130432
webp,90,img051,41.1785,0.982131,2.052422,5470506,3.91,3.86,0.12,142028
webp,60,img052,41.7073,0.975024,0.201829,96878,0.48,0.43,0.01,25216
webp,75,img052,42.7612,0.976841,0.244338,117282,0.45,0.45,0.0,25088
webp,90,img052,47.0756,0.985926,0.65295,313416,0.52,0.51,0.02,25088
webp,60,img053,32.4075,0.980819,1.500433,2997216,3.15,2.65,0.1,107008
webp,75,img053,33.8545,0.986047,1.781516,3558700,2.77,2.72,0.09,107136
webp,90,img053,40.0984,0.996269,3.133491,6259362,3.2,3.12,0.13,151340
webp,60,img054,40.2962,0.97748,0.208137,519350,2.14,2.02,0.05,103808
webp,75,img054,41.4636,0.981829,0.260357,649650,2.0,2.01,0.06,103680
webp,90,img054,46.2485,0.992294,0.525682,1311698,2.19,2.17,0.08,103680
webp,60,img055,37.3948,0.894365,0.228843,457130,1.98,1.84,0.07,85888
webp,75,img055,38.5954,0.919903,0.320553,640326,1.98,1.93,0.08,85632
webp,90,img055,44.5806,0.980579,0.818561,1635132,2.17,2.18,0.04,85760
webp,60,img056,37.7328,0.952855,0.1626,449556,2.15,2.14,0.08,113152
webp,75,img056,38.7218,0.961217,0.207141,572704,2.12,2.12,0.06,113152
webp,90,img056,43.1322,0.986072,0.468124,1294270,2.26,2.24,0.09,113280
webp,60,img057,35.1142,0.858865,0.381536,1435798,4.1,3.74,0.1,170112
webp,75,img057,35.9734,0.877055,0.506555,1906268,4.06,4.01,0.14,170112
webp,90,img057,40.0519,0.944187,1.284824,4835050,4.59,4.54,0.12,170112
webp,60,img058,39.923,0.965508,0.200511,280962,1.36,1.22,0.04,64256
webp,75,img058,40.9411,0.9689,0.256612,359572,1.29,1.28,0.03,64256
webp,90,img058,45.1154,0.981177,0.652839,914778,1.45,1.44,0.04,64384
webp,60,img059,38.9138,0.919397,0.145886,363586,2.22,2.22,0.04,104960
webp,75,img059,39.5886,0.928679,0.198208,493984,2.24,2.25,0.05,104832
webp,90,img059,43.0931,0.96735,0.629054,1567764,2.88,2.86,0.08,104960
webp,60,img060,35.3913,0.911573,0.302822,693058,2.43,2.12,0.06,101504
webp,75,img060,36.3307,0.918811,0.367941,842094,2.19,2.2,0.04,101504
webp,90,img060,40.6064,0.956901,0.891698,2040796,2.53,2.53,0.05,101504
webp,60,img061,37.0742,0.93633,0.192549,381408,1.66,1.64,0.05,83072
webp,75,img061,38.0896,0.948146,0.242513,480378,1.67,1.67,0.05,82944
webp,90,img061,42.8509,0.980094,0.560635,1110524,1.82,1.82,0.05,83072
webp,60,img062,39.7015,0.94789,0.108185,276392,2.19,2.13,0.04,106880
webp,75,img062,40.2813,0.950742,0.140028,357746,2.15,2.16,0.05,106880
webp,90,img062,42.9915,0.967153,0.399234,1019968,2.41,2.43,0.04,107008
webp,60,img063,38.4646,0.935446,0.108315,231470,1.7,1.67,0.05,88320
webp,75,img063,39.2154,0.941414,0.143035,305668,1.72,1.71,0.06,88192
webp,90,img063,43.139,0.972288,0.444278,949426,1.93,1.93,0.05,88320
webp,60,img064,37.7471,0.946006,0.220958,662874,2.62,2.54,0.06,125184
webp,75,img064,38.679,0.951432,0.271209,813628,2.55,2.57,0.05,125184
webp,90,img064,42.6567,0.972343,0.621517,1864550,3.0,3.0,0.07,125184
webp,60,img065,39.6649,0.959022,0.234974,291072,1.2,1.17,0.04,57856
webp,75,img065,40.6962,0.962618,0.288077,356852,1.16,1.18,0.01,57856
webp,90,img065,44.441,0.977297,0.704941,873238,1.32,1.31,0.04,57856
webp,60,img066,34.4546,0.914859,0.857937,1058080,1.52,1.44,0.03,62080
webp,75,img066,35.7669,0.934323,1.073003,1323318,1.62,1.61,0.07,62080
webp,90,img066,42.7705,0.986133,2.167463,2673098,1.74,1.73,0.04,70832
webp,60,img067,38.604,0.952612,0.293886,812536,2.69,2.52,0.05,123520
webp,75,img067,39.5107,0.959481,0.378661,1046922,2.67,2.64,0.09,123520
webp,90,img067,44.2821,0.983103,0.948092,2621284,3.08,3.05,0.09,123520
webp,60,img068,36.3821,0.962866,0.1484,359012,1.83,1.79,0.04,96256
webp,75,img068,37.5974,0.969547,0.180689,437124,1.83,1.85,0.04,96512
webp,90,img068,43.3198,0.988151,0.370605,896572,1.92,1.9,0.07,96384
webp,60,img069,36.6058,0.966979,0.769341,1011308,1.53,1.41,0.05,65792
webp,75,img069,37.9859,0.972618,0.912256,1199172,1.5,1.49,0.04,65664
webp,90,img069,43.886,0.986787,1.730555,2274836,1.69,1.65,0.07,65664
webp,60,img070,40.2419,0.973521,0.332684,1202892,4.09,3.85,0.14,163840
webp,75,img070,41.2526,0.975106,0.39637,1433160,3.84,3.54,0.3,163840
webp,90,img070,45.5124,0.985979,0.992947,3590212,4.31,4.26,0.14,163712
webp,60,img071,42.8462,0.986416,0.116524,155560,1.14,1.14,0.02,56960
webp,75,img071,43.9333,0.987823,0.143918,192130,1.1,1.09,0.04,57088
webp,90,img071,49.2361,0.993644,0.339384,453078,1.2,1.2,0.03,56960
webp,60,img072,39.1901,0.946535,0.282878,848634,3.02,2.89,0.07,131072
webp,75,img072,40.1344,0.9561,0.357475,1072426,3.05,3.03,0.09,131200
webp,90,img072,44.502,0.980334,0.743563,2230690,3.46,3.44,0.11,131072
webp,60,img073,33.7559,0.864884,0.60596,1659976,3.31,3.13,0.09,129664
webp,75,img073,35.0336,0.901271,0.809548,2217688,3.41,3.37,0.11,130048
webp,90,img073,41.4624,0.978241,1.849627,5066898,3.83,3.8,0.09,134744
webp,60,img074,38.253,0.911113,0.184969,171746,0.89,0.86,0.02,44800
webp,75,img074,38.9993,0.920314,0.264175,245290,1.12,1.09,0.04,44928
webp,90,img074,43.434,0.965863,0.920173,854392,1.48,1.38,0.04,44800
webp,60,img075,42.6139,0.982371,0.113519,211154,1.75,1.68,0.04,78336
webp,75,img075,43.5578,0.983729,0.135876,252740,1.96,1.89,0.04,78336
webp,90,img075,46.9207,0.98807,0.314791,585534,2.25,2.14,0.07,78336
webp,60,img076,31.5602,0.876058,1.021407,1173110,1.81,1.7,0.05,61824
webp,75,img076,33.1203,0.915568,1.292488,1484452,1.99,1.76,0.14,61696
webp,90,img076,39.9873,0.981921,2.528907,2904508,2.22,2.1,0.08,75440
webp,60,img077,35.7724,0.919963,0.328442,1460954,6.67,6.2,0.27,193152
webp,75,img077,36.7845,0.927357,0.398466,1772428,6.87,6.7,0.25,193152
webp,90,img077,41.1114,0.956397,0.892102,3968186,7.09,7.01,0.21,193280
webp,60,img078,33.2369,0.964719,1.749673,1389408,1.47,1.32,0.05,46720
webp,75,img078,34.8884,0.975747,2.089264,1659076,1.36,1.32,0.06,47368
webp,90,img078,41.8165,0.994631,3.714407,2949596,1.61,1.57,0.06,73612
webp,60,img079,30.856,0.965869,2.071036,1559832,1.36,1.31,0.04,45312
webp,75,img079,32.6368,0.977048,2.456176,1849906,1.4,1.37,0.04,50860
webp,90,img079,39.5424,0.99494,4.124358,3106322,1.57,1.53,0.07,77476
webp,60,img080,33.5344,0.964394,1.772065,1350694,1.57,1.32,0.05,45184
webp,75,img080,35.3201,0.97631,2.149652,1638496,1.38,1.34,0.05,46224
webp,90,img080,42.0519,0.994501,3.764271,2869182,1.58,1.54,0.06,71572
webp,60,img081,34.9018,0.9515,0.404082,536596,1.81,1.73,0.06,60160
webp,75,img081,36.1124,0.956991,0.480763,638424,1.58,1.56,0.05,60160
webp,90,img081,41.2526,0.972915,0.958218,1272456,1.74,1.72,0.06,60160
webp,60,img082,36.9869,0.906619,0.171688,771644,5.1,4.96,0.17,186880
webp,75,img082,37.6386,0.91037,0.209048,939558,4.66,4.64,0.13,187008
webp,90,img082,40.791,0.942345,0.56373,2533660,4.89,4.89,0.12,187008
webp,60,img083,39.4524,0.946863,0.149853,2654308,76.04,74.75,0.88,720640
webp,75,img083,40.0386,0.949286,0.176649,3128948,76.46,76.27,0.75,720640
webp,90,img083,42.4526,0.96277,0.413866,7330720,77.89,77.56,0.88,720768
webp,60,img084,37.0063,0.901818,0.253352,451600,2.18,1.98,0.05,81408
webp,75,img084,37.7693,0.911653,0.317047,565136,2.17,2.16,0.06,81408
webp,90,img084,41.1017,0.952519,0.767761,1368534,2.55,2.55,0.07,81408
webp,60,img085,35.2895,0.928164,0.442041,2004850,14.52,14.03,0.26,210944
webp,75,img085,35.6714,0.937273,0.61939,2809204,18.8,18.69,0.23,210816
webp,90,img085,40.1204,0.970636,1.297565,5885026,21.83,21.5,0.46,210944
webp,60,img086,39.0121,0.929456,0.089241,800548,9.31,9.0,0.22,364928
webp,75,img086,39.5559,0.93328,0.111314,998552,8.98,9.04,0.23,365184
webp,90,img086,42.0459,0.953672,0.358844,3219042,34.1,33.94,0.39,365312
webp,60,img087,35.2034,0.9485,0.582609,2709032,16.46,15.86,0.17,220288
webp,75,img087,36.1855,0.95735,0.703618,3271706,15.98,15.93,0.17,220288
webp,90,img087,39.8536,0.979714,1.429376,6646356,17.92,17.65,0.38,220416
webp,60,img088,41.2335,0.971481,0.167638,895360,4.17,4.0,0.13,217472
webp,75,img088,42.2498,0.976816,0.210585,1124738,4.08,4.11,0.1,217472
webp,90,img088,46.0441,0.989116,0.474688,2535322,4.62,4.63,0.11,217472
webp,60,img089,38.7672,0.953057,0.235904,993226,4.25,4.08,0.1,185600
webp,75,img089,39.6626,0.959405,0.284271,1196866,4.16,4.13,0.13,185600
webp,90,img089,42.7822,0.977395,0.740576,3118046,14.57,14.57,0.1,185600
webp,60,img090,36.1143,0.95955,0.646861,2045376,3.83,3.45,0.11,153600
webp,75,img090,37.7754,0.971472,0.837095,2646894,3.65,3.59,0.13,153728
webp,90,img090,44.635,0.992204,1.874436,5926968,4.35,4.26,0.16,153600
webp,60,img091,34.562,0.868576,0.399745,4299992,35.28,34.41,0.43,491264
webp,75,img091,35.3595,0.884949,0.50542,5436714,36.57,36.29,0.53,491264
webp,60,img092,35.5177,0.923031,0.281516,191994,0.83,0.78,0.01,33664
webp,75,img092,36.5092,0.93539,0.35854,244524,0.74,0.73,0.02,33536
webp,90,img092,41.3077,0.970133,0.832944,568068,0.85,0.85,0.02,33536
webp,90,img091,39.4434,0.946548,1.227951,13208862,43.82,43.21,0.86,491392
webp,60,img093,36.0419,0.90309,0.303363,574880,2.14,2.08,0.06,87936
webp,75,img093,36.9943,0.918402,0.396603,751572,2.25,2.25,0.05,87936
webp,90,img093,41.7276,0.967627,0.988308,1872868,2.54,2.53,0.07,87936
webp,60,img094,31.3244,0.901865,1.108337,3325012,4.54,4.24,0.12,150272
webp,75,img094,32.7269,0.92158,1.341172,4023516,4.31,4.26,0.13,150272
webp,90,img094,38.9259,0.97292,2.413796,7241388,8.19,7.99,0.28,181948
webp,60,img095,37.6002,0.906205,0.154017,2960778,84.87,83.85,0.83,800256
webp,75,img095,38.2589,0.914568,0.193792,3725404,72.41,72.26,0.71,800512
webp,90,img095,41.1148,0.945811,0.550777,10588002,85.43,84.97,0.93,800384
webp,60,img096,36.7093,0.936542,0.359188,290392,0.91,0.77,0.02,40064
webp,75,img096,37.7481,0.94404,0.454885,367760,0.8,0.8,0.02,40064
webp,90,img096,42.2439,0.970616,1.044289,844274,0.93,0.92,0.02,40064
webp,60,img097,32.564,0.894633,0.888947,2435764,3.58,3.21,0.09,137728
webp,75,img097,33.9404,0.921358,1.105426,3028930,3.41,3.36,0.11,137984
webp,90,img097,40.276,0.977887,2.241089,6140710,3.94,3.87,0.13,151460
webp,60,img098,36.7775,0.888751,0.185122,1088736,5.65,5.31,0.17,252800
webp,75,img098,37.6363,0.905211,0.24415,1435894,5.48,5.45,0.17,252800
webp,90,img098,41.181,0.952671,0.7331,4311496,20.27,20.08,0.32,252928
webp,60,img099,32.6272,0.876014,0.686725,620562,1.09,1.01,0.02,47744
webp,75,img099,33.8069,0.902035,0.857279,774684,1.07,1.06,0.03,47744
webp,90,img099,39.7801,0.971887,1.866588,1686750,1.24,1.22,0.04,47744
webp,60,img100,36.9304,0.832719,0.055,82500,1.32,1.31,0.03,66688
webp,75,img100,37.1162,0.840174,0.097779,146668,1.32,1.32,0.03,66688
webp,90,img100,40.9375,0.938002,0.762719,1144078,1.68,1.68,0.03,66688
avif,28,img001,34.8001,0.920822,0.266586,1005561,1.69,3.41,0.28,509980
avif,36,img001,37.4724,0.944512,0.587913,2217606,2.47,5.32,0.28,519708
avif,44,img001,39.5272,0.958624,0.901951,3402161,2.26,5.7,0.25,528284
avif,28,img002,33.4301,0.933997,0.134339,708259,1.81,3.29,0.28,635468
avif,36,img002,35.2724,0.950362,0.205608,1084003,1.86,3.62,0.29,647888
avif,44,img002,37.2974,0.962324,0.307152,1619361,2.03,4.27,0.31,661836
avif,28,img003,34.6543,0.877718,0.074061,334684,1.29,2.08,0.26,583760
avif,36,img003,36.0124,0.898686,0.167016,754750,1.48,2.75,0.25,596052
avif,44,img003,37.907,0.923285,0.405302,1831575,1.69,3.52,0.28,612308
avif,28,img004,28.3485,0.817742,0.174785,244486,0.52,0.88,0.11,180612
avif,36,img004,30.7624,0.865318,0.312637,437311,0.57,1.08,0.09,185472
avif,44,img004,33.5336,0.914399,0.523127,731742,0.63,1.2,0.11,190212
avif,28,img005,31.3515,0.825264,0.133044,279329,0.88,1.49,0.15,265420
avif,36,img005,32.8808,0.865561,0.212202,445522,1.12,2.13,0.15,269764
avif,44,img005,34.4645,0.896559,0.326487,685465,1.38,3.09,0.22,275020
avif,28,img006,33.7222,0.913206,0.152058,418151,1.23,2.44,0.22,352092
avif,36,img006,35.5079,0.936406,0.224811,618217,1.36,2.88,0.2,356060
avif,44,img006,37.3211,0.952711,0.3206,881632,1.72,4.37,0.22,359516
avif,28,img007,27.873,0.86082,0.604164,960591,1.5,3.88,0.16,221360
avif,36,img007,29.9966,0.906395,0.899918,1430827,1.65,4.57,0.13,223152
avif,44,img007,32.4907,0.941652,1.307953,2079583,1.92,5.29,0.17,225452
avif,28,img008,33.786,0.845746,0.045455,66548,0.52,0.73,0.11,184936
avif,36,img008,34.5821,0.854068,0.065444,95814,0.54,0.78,0.09,187624
avif,44,img008,35.3456,0.862922,0.100066,146502,0.57,0.94,0.1,190956
avif,28,img009,33.447,0.9243,0.140624,388796,1.16,2.34,0.21,345364
avif,36,img009,35.198,0.943976,0.209599,579500,1.35,3.07,0.2,350228
avif,44,img009,37.1315,0.958859,0.305994,846012,1.59,3.79,0.2,356372
avif,28,img010,43.2814,0.971782,0.017297,37897,0.52,0.69,0.12,242244
avif,36,img010,44.1791,0.97367,0.023887,52334,0.59,0.81,0.14,248512
avif,44,img010,44.9032,0.975098,0.033298,72953,0.64,0.89,0.15,260800
avif,28,img011,33.3096,0.900447,0.113533,192610,0.62,1.08,0.12,214164
avif,36,img011,34.9709,0.923328,0.170993,290091,0.93,1.28,0.1,218568
avif,44,img011,36.7564,0.942181,0.256045,434383,0.73,1.41,0.1,224152
avif,28,img012,37.9021,0.908221,0.054992,120072,0.59,0.8,0.11,275436
avif,36,img012,38.8947,0.920417,0.08639,188630,0.62,0.88,0.12,279784
avif,44,img012,39.8484,0.931446,0.137119,299395,0.67,1.06,0.13,284268
avif,28,img013,31.5853,0.882698,0.223103,485853,1.07,2.41,0.15,276396
avif,36,img013,33.1986,0.90237,0.324583,706849,1.43,3.55,0.23,279980
avif,44,img013,35.0312,0.919302,0.475174,1034793,1.46,3.73,0.15,284072
avif,28,img014,24.996,0.768218,0.657256,1003320,0.87,1.99,0.1,206024
avif,36,img014,27.2724,0.811752,0.982971,1500533,1.06,2.61,0.12,209736
avif,44,img014,29.782,0.855089,1.371824,2094128,1.37,3.3,0.13,212424
avif,28,img015,36.9896,0.904351,0.027358,71177,0.71,0.86,0.17,292116
avif,36,img015,37.8262,0.916741,0.056808,147798,0.74,0.99,0.15,298892
avif,44,img015,39.3451,0.938387,0.139444,362796,0.77,1.05,0.15,308112
avif,28,img016,36.5825,0.903608,0.072532,151047,0.55,0.77,0.13,252612
avif,36,img016,38.0969,0.928156,0.12438,259022,0.62,0.97,0.12,259008
avif,44,img016,39.7661,0.948005,0.200621,417794,0.77,1.33,0.14,266696
avif,28,img017,35.6158,0.917061,0.088885,213833,0.62,0.96,0.13,310804
avif,36,img017,37.2668,0.930244,0.152878,367782,0.67,1.15,0.12,316172
avif,44,img017,38.8255,0.943472,0.238112,572829,0.74,1.34,0.14,326548
avif,28,img018,29.6993,0.798322,0.165856,494008,0.98,1.8,0.17,375136
avif,36,img018,31.2068,0.839964,0.259935,774225,1.14,2.34,0.18,381140
avif,44,img018,32.8633,0.877506,0.407845,1214783,1.31,3.01,0.18,387936
avif,28,img019,27.3417,0.769264,0.398772,893044,0.66,1.05,0.13,263164
avif,36,img019,29.7157,0.843062,0.728368,1631171,0.74,1.3,0.13,273660
avif,44,img019,32.1052,0.892354,1.114221,2495285,0.84,1.6,0.13,287744
avif,28,img020,27.2279,0.831073,0.529768,2778651,2.64,6.44,0.33,670532
avif,36,img020,30.0737,0.900252,0.827574,4340653,3.34,8.85,0.35,681668
avif,44,img020,32.9438,0.943589,1.139472,5976573,3.74,10.63,0.35,690884
avif,28,img021,35.3066,0.925556,0.069011,113422,0.52,0.8,0.11,189600
avif,36,img021,36.7425,0.939047,0.102596,168620,0.57,0.99,0.09,193832
avif,44,img021,38.1761,0.949481,0.150268,246971,0.61,1.18,0.1,202400
avif,28,img022,41.8955,0.967514,0.012345,15229,0.26,0.31,0.07,166092
avif,36,img022,42.7617,0.969558,0.017459,21538,0.25,0.31,0.06,170572
avif,44,img022,43.6186,0.97192,0.027911,34431,0.27,0.34,0.07,175948
avif,28,img023,30.0037,0.64042,0.032205,54945,0.41,0.54,0.08,196348
avif,36,img023,30.1427,0.649304,0.055551,94777,0.43,0.63,0.08,204928
avif,44,img023,30.8849,0.717349,0.167914,286480,0.49,0.77,0.11,215940
avif,28,img024,38.2913,0.920306,0.044085,97949,0.7,0.89,0.12,278184
avif,36,img024,39.1088,0.925703,0.064045,142295,0.65,0.92,0.13,282024
avif,44,img024,39.805,0.930226,0.091684,203705,0.69,1.08,0.12,285100
avif,28,img025,34.3621,0.943658,0.2259,624569,1.03,2.02,0.17,371344
avif,36,img025,36.8935,0.960269,0.363821,1005893,1.22,2.72,0.16,376856
avif,44,img025,39.0303,0.971058,0.51892,1434709,1.47,3.34,0.17,385428
avif,28,img026,37.8693,0.951085,0.0911,239437,0.83,1.58,0.13,290120
avif,36,img026,39.4817,0.963815,0.133312,350383,0.92,1.91,0.15,301000
avif,44,img026,41.6487,0.97631,0.208514,548036,0.97,2.12,0.15,314948
avif,28,img027,41.8244,0.952538,0.017558,29450,0.39,0.47,0.07,181292
avif,36,img027,42.3686,0.955272,0.028273,47423,0.39,0.48,0.07,187952
avif,44,img027,43.005,0.959158,0.05471,91766,0.41,0.53,0.08,198320
avif,28,img028,38.5455,0.906847,0.016768,50303,0.66,0.81,0.14,330696
avif,36,img028,39.019,0.910191,0.024755,74266,0.69,0.92,0.15,337860
avif,44,img028,39.4333,0.913649,0.038808,116424,0.76,0.98,0.18,351432
avif,28,img029,35.1899,0.885853,0.044238,74651,0.46,0.59,0.09,206608
avif,36,img029,36.224,0.897715,0.068953,116359,0.49,0.68,0.1,211868
avif,44,img029,37.3372,0.911174,0.108076,182378,0.52,0.82,0.09,217496
avif,28,img030,31.5753,0.885096,0.539481,699194,0.75,1.61,0.09,174380
avif,36,img030,33.4531,0.912905,0.726785,941950,0.71,1.61,0.07,175276
avif,44,img030,35.018,0.93431,0.906936,1175435,0.76,1.82,0.07,177960
avif,28,img031,38.0652,0.95806,0.031462,165874,1.17,1.71,0.27,603088
avif,36,img031,39.6491,0.965635,0.053479,281949,1.25,2.03,0.27,611276
avif,44,img031,41.1822,0.972207,0.09514,501594,1.4,2.42,0.26,626128
avif,28,img032,42.9066,0.972714,0.015896,35599,0.56,0.67,0.15,282748
avif,36,img032,43.8321,0.974899,0.021948,49152,0.57,0.68,0.13,288512
avif,44,img032,44.4886,0.976726,0.030617,68566,0.57,0.77,0.14,297728
avif,28,img033,38.438,0.896228,0.017867,57976,0.78,0.95,0.17,348668
avif,36,img033,38.7518,0.898578,0.025412,82458,0.96,1.16,0.22,357760
avif,44,img033,39.0136,0.900986,0.037298,121024,1.01,1.21,0.25,373248
avif,28,img034,34.5903,0.782669,0.021418,53141,0.7,0.84,0.13,284420
avif,36,img034,35.0163,0.802642,0.059507,147645,1.22,1.36,0.23,300972
avif,44,img034,36.2582,0.859563,0.285203,707621,0.95,1.38,0.18,312156
avif,28,img035,38.5343,0.960301,0.085622,107665,0.51,0.52,0.09,167260
avif,36,img035,40.825,0.972305,0.156649,196977,0.68,0.69,0.09,171188
avif,44,img035,43.1276,0.98066,0.248183,312076,0.65,0.76,0.1,176348
avif,28,img036,39.5736,0.955673,0.026246,34863,0.34,0.45,0.08,174496
avif,36,img036,40.8067,0.960948,0.042618,56611,0.36,0.53,0.07,177952
avif,44,img036,42.0639,0.96608,0.073014,96987,0.38,0.57,0.08,183204
avif,28,img037,41.443,0.956019,0.016947,25302,0.36,0.43,0.08,165440
avif,36,img037,42.3014,0.960389,0.02493,37220,0.35,0.44,0.08,170428
avif,44,img037,43.1209,0.9645,0.036669,54746,0.38,0.49,0.07,175036
avif,28,img038,37.5714,0.933619,0.017622,43769,0.55,0.74,0.13,304168
avif,36,img038,38.6614,0.939453,0.024907,61863,0.62,0.92,0.15,312612
avif,44,img038,39.7589,0.946656,0.03686,91552,0.61,0.91,0.14,322848
avif,28,img039,40.8649,0.95915,0.028785,44734,0.38,0.48,0.09,211076
avif,36,img039,42.0476,0.965636,0.042692,66347,0.4,0.52,0.1,215172
avif,44,img039,43.243,0.971154,0.063278,98340,0.43,0.62,0.09,221444
avif,28,img040,27.332,0.427459,0.026364,26790,0.26,0.33,0.06,120276
avif,36,img040,27.7926,0.52334,0.140368,142638,0.35,0.51,0.05,132436
avif,44,img040,29.9695,0.779752,0.639702,650049,0.41,0.57,0.07,135896
avif,28,img041,36.9752,0.897152,0.023843,56935,0.55,0.67,0.14,268472
avif,36,img041,37.8992,0.909776,0.038153,91106,0.56,0.74,0.13,274620
avif,44,img041,38.9187,0.921922,0.059775,142735,0.59,0.83,0.11,284856
avif,28,img042,28.4957,0.599539,0.114795,193631,0.5,0.74,0.11,206996
avif,36,img042,29.9052,0.730898,0.316679,534159,0.58,0.98,0.11,215060
avif,44,img042,32.1351,0.856207,0.659916,1113114,0.68,1.25,0.13,223124
avif,28,img043,39.6765,0.954226,0.023568,43810,0.45,0.62,0.09,212728
avif,36,img043,40.8415,0.958788,0.032185,59828,0.48,0.69,0.11,217720
avif,44,img043,41.9512,0.962885,0.044555,82823,0.49,0.75,0.1,225788
avif,28,img044,43.8217,0.990628,0.045183,101187,0.44,0.63,0.09,239344
avif,36,img044,46.5136,0.994173,0.071227,159512,0.49,0.71,0.1,242932
avif,44,img044,49.086,0.996578,0.103328,231401,0.5,0.77,0.12,249844
avif,28,img045,43.7635,0.970808,0.012483,32809,0.57,0.7,0.14,297028
avif,36,img045,44.3773,0.971979,0.016092,42294,0.59,0.77,0.14,303300
avif,44,img045,44.9021,0.97316,0.021776,57233,0.61,0.79,0.13,314688
avif,28,img046,30.4224,0.6208,0.018529,46907,0.68,0.89,0.13,265180
avif,36,img046,30.7985,0.645743,0.038068,96371,0.88,1.1,0.2,293468
avif,44,img046,31.8504,0.733758,0.09823,248672,0.9,1.32,0.16,308184
avif,28,img047,40.0474,0.959069,0.050132,150397,0.88,1.21,0.19,356040
avif,36,img047,41.6084,0.96832,0.07289,218670,0.89,1.34,0.17,364484
avif,44,img047,43.1158,0.975257,0.103551,310652,0.91,1.5,0.17,374340
avif,28,img048,44.6821,0.978868,0.009869,13986,0.26,0.3,0.07,164536
avif,36,img048,45.8233,0.981658,0.014965,21207,0.25,0.3,0.07,168760
avif,44,img048,47.0495,0.984441,0.023306,33027,0.27,0.35,0.07,174644
avif,28,img049,39.4495,0.923035,0.015172,80624,1.25,1.55,0.28,567472
avif,36,img049,39.7341,0.926397,0.024323,129249,1.2,1.48,0.26,580272
avif,44,img049,40.5462,0.938952,0.07006,372295,1.28,1.84,0.27,610868
avif,28,img050,31.0074,0.786544,0.08614,389271,1.2,1.55,0.26,534612
avif,36,img050,32.6717,0.863359,0.200613,906577,1.4,1.76,0.36,544208
avif,44,img050,34.4796,0.912126,0.370438,1674024,2.08,2.6,0.32,557904
avif,28,img051,30.2934,0.833151,0.118581,316064,1.27,2.97,0.17,329092
avif,36,img051,31.3827,0.842874,0.158209,421689,1.36,3.33,0.18,334208
avif,44,img051,32.3717,0.85745,0.235586,627928,1.51,3.96,0.19,347520
avif,28,img052,35.6496,0.95463,0.059096,28366,0.15,0.23,0.04,72380
avif,36,img052,37.4108,0.962171,0.079785,38297,0.17,0.26,0.03,73400
avif,44,img052,39.2688,0.968409,0.10611,50933,0.17,0.28,0.04,75068
avif,28,img053,27.2277,0.933364,0.437455,873847,1.76,5.01,0.15,266724
avif,36,img053,29.198,0.955672,0.642555,1283548,2.09,5.73,0.16,269668
avif,44,img053,31.3656,0.972081,0.921887,1841531,2.56,7.89,0.21,274148
avif,28,img054,35.7131,0.951767,0.068585,171135,0.8,1.38,0.16,315308
avif,36,img054,37.5289,0.962714,0.11542,287999,0.87,1.73,0.15,319784
avif,44,img054,39.5373,0.971936,0.193202,482084,0.96,2.09,0.14,328492
avif,28,img055,34.1324,0.826748,0.022414,44773,0.48,0.63,0.11,209880
avif,36,img055,34.7204,0.831014,0.032023,63969,0.49,0.7,0.09,212656
avif,44,img055,35.5449,0.84867,0.066379,132596,0.51,0.76,0.11,231516
avif,28,img056,33.3192,0.915671,0.042541,117616,0.78,1.36,0.16,326808
avif,36,img056,34.8401,0.926771,0.067203,185803,0.81,1.5,0.15,331668
avif,44,img056,36.5154,0.938543,0.129489,358011,0.95,2.01,0.19,340120
avif,28,img057,30.5744,0.775189,0.076055,286211,1.21,2.27,0.19,419772
avif,36,img057,31.9449,0.795863,0.102324,385064,1.31,2.65,0.2,426552
avif,44,img057,33.2754,0.816654,0.149939,564251,1.47,3.12,0.2,442296
avif,28,img058,34.9952,0.939568,0.046284,64855,0.43,0.75,0.08,176332
avif,36,img058,36.3871,0.948047,0.062629,87758,0.47,0.85,0.07,180060
avif,44,img058,37.8148,0.954958,0.089899,125969,0.51,0.99,0.08,185032
avif,28,img059,36.7579,0.901477,0.030731,76590,0.77,1.28,0.13,256904
avif,36,img059,37.4231,0.90454,0.038075,94892,0.76,1.28,0.13,262792
avif,44,img059,37.9563,0.90712,0.050681,126310,0.72,1.43,0.14,273668
avif,28,img060,30.3246,0.845117,0.088149,201744,0.76,1.4,0.12,263856
avif,36,img060,31.911,0.870208,0.116612,266885,0.76,1.58,0.13,267444
avif,44,img060,33.4641,0.889524,0.156897,359084,0.85,1.89,0.13,275760
avif,28,img061,32.5241,0.868437,0.041824,82846,0.52,0.81,0.1,250520
avif,36,img061,33.8154,0.887919,0.080464,159385,0.8,1.55,0.17,254864
avif,44,img061,35.4528,0.913394,0.160212,317354,0.63,1.11,0.11,260120
avif,28,img062,36.1349,0.929515,0.029348,74979,0.6,0.89,0.14,312560
avif,36,img062,37.4299,0.936714,0.03788,96776,0.67,1.12,0.13,320620
avif,44,img062,38.5988,0.942054,0.051593,131811,0.7,1.24,0.13,336108
avif,28,img063,34.6408,0.897868,0.024086,51471,0.48,0.65,0.1,250568
avif,36,img063,35.8985,0.909733,0.036997,79062,0.58,0.82,0.12,253640
avif,44,img063,37.2293,0.921303,0.061144,130665,0.56,0.9,0.12,260812
avif,28,img064,33.0412,0.908255,0.08128,243841,0.9,1.62,0.17,382164
avif,36,img064,34.89,0.924514,0.128465,385395,1.04,2.17,0.18,387412
avif,44,img064,36.8245,0.937738,0.213897,641690,1.22,2.87,0.21,399956
avif,28,img065,34.7225,0.92598,0.066565,82457,0.48,0.96,0.07,155024
avif,36,img065,36.3059,0.938261,0.085488,105898,0.49,0.96,0.07,156560
avif,44,img065,37.8248,0.947495,0.112874,139822,0.56,1.18,0.07,162444
avif,28,img066,29.3314,0.808301,0.180018,222013,0.55,1.12,0.08,158800
avif,36,img066,30.9961,0.833485,0.287455,354514,0.6,1.35,0.09,161108
avif,44,img066,32.8048,0.86174,0.456621,563143,0.71,1.69,0.07,166100
avif,28,img067,34.9294,0.92307,0.105887,292755,1.0,2.09,0.16,359832
avif,36,img067,36.4907,0.934333,0.181666,502269,1.09,2.41,0.17,366488
avif,44,img067,38.1289,0.947535,0.329154,910046,1.34,2.96,0.2,377112
avif,28,img068,31.9226,0.929516,0.053111,128487,0.6,1.08,0.12,262720
avif,36,img068,33.5996,0.939704,0.088346,213727,0.64,1.19,0.12,263868
avif,44,img068,35.5406,0.951942,0.144908,350563,0.67,1.26,0.13,266560
avif,28,img069,30.1633,0.916817,0.232818,306042,0.56,1.14,0.08,173412
avif,36,img069,32.3335,0.938429,0.337219,443278,0.66,1.46,0.08,176360
avif,44,img069,34.6635,0.95435,0.47547,625011,0.78,1.7,0.08,179812
avif,28,img070,34.8394,0.961911,0.078968,285527,1.73,4.28,0.21,406392
avif,36,img070,36.6162,0.966861,0.099398,359395,2.01,4.98,0.21,409208
avif,44,img070,38.4084,0.970553,0.127992,462781,2.22,5.99,0.22,413556
avif,28,img071,38.1406,0.974312,0.024625,32875,0.36,0.58,0.07,151920
avif,36,img071,39.48,0.980326,0.040815,54488,0.43,0.74,0.08,152548
avif,44,img071,41.3938,0.98308,0.083363,111289,0.42,0.72,0.08,159856
avif,28,img072,35.2099,0.915583,0.075265,225796,1.05,2.03,0.19,361560
avif,36,img072,36.5855,0.926477,0.102928,308785,1.06,2.16,0.16,369112
avif,44,img072,37.9971,0.9354,0.146153,438459,1.29,2.71,0.2,379604
avif,28,img073,30.2638,0.700518,0.046117,126335,0.91,1.63,0.18,308060
avif,36,img073,30.9292,0.737786,0.103424,283321,1.04,2.02,0.17,318168
avif,44,img073,32.113,0.796437,0.246369,674906,1.31,2.66,0.21,341592
avif,28,img074,34.6642,0.867721,0.040073,37208,0.43,0.38,0.07,117148
avif,36,img074,35.5401,0.879127,0.056103,52092,0.45,0.42,0.07,119512
avif,44,img074,36.3852,0.888891,0.080922,75137,0.39,0.44,0.06,124504
avif,28,img075,37.6443,0.968495,0.04314,80244,0.83,0.98,0.15,241812
avif,36,img075,39.4591,0.974627,0.061913,115163,1.0,1.2,0.16,247048
avif,44,img075,41.258,0.978999,0.084993,158093,0.8,1.33,0.17,255500
avif,28,img076,26.2974,0.512603,0.145227,166797,0.66,0.74,0.13,151652
avif,36,img076,27.7317,0.674265,0.299126,343553,0.81,1.01,0.1,156772
avif,44,img076,29.5961,0.799183,0.538288,618236,0.64,1.03,0.13,160604
avif,28,img077,31.6946,0.871487,0.106499,473723,2.47,3.22,0.39,506756
avif,36,img077,33.4892,0.893897,0.199001,885183,1.87,3.59,0.38,518412
avif,44,img077,35.3502,0.913591,0.317609,1412766,2.58,4.11,0.34,553996
avif,28,img078,27.95,0.87044,0.444169,352713,0.59,1.16,0.08,117284
avif,36,img078,29.8702,0.917208,0.659424,523646,0.68,1.42,0.08,118568
avif,44,img078,31.9267,0.948138,0.943746,749425,0.72,1.57,0.06,119716
avif,28,img079,25.3825,0.8599,0.491147,369915,0.51,1.01,0.06,108868
avif,36,img079,27.1833,0.90771,0.747083,562677,0.67,1.29,0.09,110796
avif,44,img079,29.3208,0.942703,1.121021,844314,0.7,1.44,0.07,111944
avif,28,img080,28.2414,0.871929,0.440888,336051,0.58,1.1,0.09,113592
avif,36,img080,30.0917,0.916544,0.658931,502247,0.67,1.35,0.09,114740
avif,44,img080,32.0846,0.946941,0.951459,725216,0.77,1.64,0.08,115380
avif,28,img081,30.7881,0.90983,0.239564,318126,0.6,1.33,0.06,168608
avif,36,img081,33.186,0.933734,0.405203,538085,0.81,1.79,0.12,171556
avif,44,img081,35.2399,0.947742,0.541309,718826,0.79,1.84,0.1,182308
avif,28,img082,33.7394,0.888907,0.067837,304888,1.31,2.27,0.24,470320
avif,36,img082,35.4767,0.89696,0.117198,526740,1.41,2.67,0.25,480948
avif,44,img082,36.9082,0.904278,0.177602,798223,1.47,2.85,0.26,520116
avif,28,img083,35.6932,0.929856,0.03285,581873,5.81,11.45,1.02,1865544
avif,36,img083,36.8353,0.935474,0.04007,709750,6.42,13.09,1.16,1945284
avif,44,img083,37.9762,0.94027,0.05002,885998,6.68,14.45,1.18,2031816
avif,28,img084,33.1441,0.860158,0.070518,125699,0.89,1.66,0.15,213116
avif,36,img084,34.4552,0.876556,0.096331,171710,0.93,1.71,0.23,218104
avif,44,img084,35.7326,0.891188,0.132943,236971,0.89,1.82,0.15,225396
avif,28,img085,30.8426,0.85625,0.138266,627098,2.29,4.88,0.41,550420
avif,36,img085,32.4351,0.885222,0.193158,876057,3.04,6.7,0.57,568464
avif,44,img085,33.9603,0.90772,0.266377,1208135,3.26,8.32,0.43,581264
avif,28,img086,36.3419,0.916669,0.01729,155098,2.13,2.93,0.46,864280
avif,36,img086,37.1668,0.92059,0.023707,212668,2.25,3.39,0.47,925596
avif,44,img086,37.9316,0.924263,0.033715,302447,2.34,3.67,0.5,1009436
avif,28,img087,30.5971,0.886472,0.164242,763698,2.2,5.24,0.3,608464
avif,36,img087,32.1423,0.912128,0.217473,1011213,2.57,6.71,0.29,612556
avif,44,img087,33.6603,0.931857,0.28665,1332875,2.91,8.05,0.28,614604
avif,28,img088,36.9941,0.944156,0.046557,248660,1.37,2.35,0.27,620784
avif,36,img088,38.5384,0.956821,0.072687,388221,1.49,2.84,0.27,624236
avif,44,img088,40.2442,0.96743,0.130543,697233,1.62,3.31,0.27,631276
avif,28,img089,35.005,0.916413,0.060462,254565,1.16,1.66,0.23,528944
avif,36,img089,36.5263,0.933236,0.084091,354049,1.24,1.99,0.23,538668
avif,44,img089,37.8813,0.945528,0.114949,483968,1.38,2.5,0.25,545196
avif,28,img090,30.4244,0.872313,0.107348,339433,1.04,1.88,0.18,378928
avif,36,img090,32.0597,0.904606,0.191967,606999,1.15,2.29,0.18,389676
avif,44,img090,34.31,0.936987,0.345187,1091480,1.27,2.74,0.2,403120
avif,28,img091,30.5798,0.791037,0.091719,986608,4.95,9.87,0.83,1237740
avif,36,img091,31.9221,0.818044,0.133783,1439080,5.0,10.63,0.72,1287260
avif,44,img091,33.2098,0.842431,0.191672,2061782,5.39,12.52,0.75,1313120
avif,28,img092,31.4007,0.861219,0.065903,44946,0.28,0.4,0.06,87680
avif,36,img092,32.7371,0.885257,0.100966,68859,0.29,0.46,0.05,91136
avif,44,img092,34.199,0.906624,0.157198,107209,0.34,0.59,0.05,95876
avif,28,img093,31.8318,0.833834,0.066869,126719,0.8,1.38,0.17,238516
avif,36,img093,32.9388,0.851923,0.093767,177691,0.85,1.63,0.14,244144
avif,44,img093,34.1064,0.871822,0.138344,262165,0.93,1.93,0.16,248752
avif,28,img094,26.0852,0.809175,0.346778,1040335,2.35,6.68,0.26,368328
avif,36,img094,27.8028,0.838996,0.52853,1585590,2.62,7.84,0.24,375108
avif,44,img094,29.8559,0.867056,0.792385,2377155,2.83,8.55,0.26,385372
avif,28,img095,34.6548,0.86901,0.025673,493525,4.46,5.39,0.84,1821040
avif,36,img095,35.5553,0.883104,0.040488,778331,4.35,5.88,0.85,1926000
avif,44,img095,36.5439,0.895845,0.062855,1208307,4.61,6.71,0.9,2093044
avif,28,img096,32.3607,0.897164,0.163687,132336,0.71,0.58,0.06,115656
avif,36,img096,34.3064,0.913974,0.281602,227666,0.4,0.67,0.05,119244
avif,44,img096,35.9897,0.927952,0.424914,343529,0.45,0.73,0.06,123340
avif,28,img097,27.4442,0.697791,0.178426,488897,0.94,1.68,0.16,344672
avif,36,img097,29.0553,0.778436,0.311489,853498,1.03,2.03,0.16,353760
avif,44,img097,30.9132,0.84616,0.506034,1386561,1.19,2.47,0.18,362848
avif,28,img098,33.7655,0.826149,0.031006,182353,1.34,1.69,0.26,612396
avif,36,img098,34.7658,0.849804,0.051904,305260,1.39,1.83,0.28,638380
avif,44,img098,35.8524,0.874185,0.085658,503773,1.46,2.08,0.29,673448
avif,28,img099,27.808,0.68648,0.13127,118623,0.39,0.64,0.07,128812
avif,36,img099,29.3518,0.766534,0.221681,200323,0.44,0.78,0.05,130348
avif,44,img099,31.0523,0.83347,0.359612,324965,0.51,0.89,0.06,131120
avif,28,img100,36.5272,0.827767,0.006559,9838,0.31,0.35,0.07,162832
avif,36,img100,36.6777,0.828246,0.007817,11726,0.31,0.35,0.07,165776
avif,44,img100,36.7831,0.828779,0.010141,15211,0.33,0.37,0.07,172940
jxl,30,img001,36.1497,0.939084,0.307516,1159950,1.22,1.82,0.52,1288996
jxl,50,img001,37.7507,0.951952,0.414263,1562600,1.16,1.72,0.48,1299032
jxl,70,img001,39.8562,0.963976,0.596102,2248498,1.21,1.78,0.51,1316404
jxl,90,img001,47.5798,0.988437,1.280429,4829777,1.49,2.11,0.59,1375648
jxl,30,img002,35.3355,0.953974,0.290772,1533003,1.67,2.37,0.69,1802192
jxl,50,img002,36.9616,0.964485,0.398183,2099290,1.83,2.77,0.74,1816252
jxl,70,img002,39.434,0.975225,0.59496,3136735,1.73,2.52,0.7,1848692
jxl,90,img002,48.9218,0.994676,1.346596,7099492,1.86,2.84,0.68,1937452
jxl,30,img003,36.399,0.903201,0.190296,859953,1.57,2.44,0.69,1526032
jxl,50,img003,37.6822,0.922385,0.277906,1255867,1.39,2.04,0.59,1539392
jxl,70,img003,41.8508,0.966627,0.479383,2166352,1.59,2.53,0.7,1568040
jxl,90,img003,50.0316,0.993194,0.82774,3740588,1.84,2.88,0.82,1585532
jxl,30,img004,29.1947,0.83564,0.291665,407976,0.48,0.75,0.23,492596
jxl,50,img004,31.0058,0.86277,0.430116,601640,0.55,0.86,0.24,498844
jxl,70,img004,33.6036,0.931856,0.752886,1053125,0.59,0.97,0.25,514964
jxl,90,img004,44.5097,0.992819,1.776587,2485061,0.59,0.98,0.27,545564
jxl,30,img005,32.9203,0.858829,0.288498,605707,0.99,1.47,0.42,726656
jxl,50,img005,34.354,0.890024,0.401968,843939,1.0,1.53,0.45,732996
jxl,70,img005,36.4503,0.924907,0.6088,1278187,1.1,1.7,0.42,746124
jxl,90,img005,45.2757,0.98642,1.431381,3005212,1.14,1.81,0.43,785688
jxl,30,img006,35.8819,0.939143,0.315086,866468,1.27,1.94,0.5,941696
jxl,50,img006,37.5937,0.955084,0.420885,1157409,1.19,1.83,0.52,948268
jxl,70,img006,39.7632,0.967808,0.588372,1617989,1.12,1.73,0.45,959340
jxl,90,img006,47.5685,0.989717,1.21987,3354568,1.19,1.92,0.51,995660
jxl,30,img007,28.41,0.881631,0.826182,1313590,0.74,1.17,0.29,585644
jxl,50,img007,30.1342,0.915176,1.130188,1796945,0.73,1.13,0.3,597884
jxl,70,img007,32.5327,0.95067,1.661878,2642307,0.85,1.32,0.33,620360
jxl,90,img007,42.3684,0.994081,3.12697,4971733,0.95,1.55,0.37,653760
jxl,30,img008,34.9587,0.857249,0.131727,192855,0.51,0.78,0.22,501240
jxl,50,img008,35.7363,0.867637,0.184968,270803,0.6,0.91,0.25,503960
jxl,70,img008,36.9341,0.892786,0.315865,462444,0.58,0.9,0.25,511584
jxl,90,img008,44.3768,0.977657,0.997819,1460863,0.6,1.0,0.28,540620
jxl,30,img009,35.6597,0.949465,0.287769,795624,1.04,1.74,0.43,945428
jxl,50,img009,37.63,0.963968,0.394334,1090254,1.03,1.65,0.46,953444
jxl,70,img009,40.0223,0.975283,0.55959,1547154,1.13,1.73,0.49,964944
jxl,90,img009,49.3093,0.994219,1.119258,3094524,1.12,1.79,0.49,994676
jxl,30,img010,45.0923,0.975168,0.063701,139565,0.67,1.06,0.34,731908
jxl,50,img010,45.7299,0.976482,0.077531,169866,0.73,1.16,0.34,732744
jxl,70,img010,46.3055,0.977628,0.106899,234209,0.75,1.21,0.34,733072
jxl,90,img010,50.2288,0.989015,0.398555,873209,0.84,1.39,0.37,756700
jxl,30,img011,35.3706,0.928949,0.259206,439746,0.6,0.8,0.25,582840
jxl,50,img011,36.9263,0.945201,0.353841,600296,0.58,0.85,0.25,587068
jxl,70,img011,39.1154,0.962006,0.518398,879468,0.65,0.9,0.28,595744
jxl,90,img011,47.5851,0.990659,1.122083,1903628,0.59,0.92,0.25,615736
jxl,30,img012,39.6313,0.927211,0.166741,364073,0.72,1.06,0.31,739356
jxl,50,img012,40.446,0.936712,0.229201,500452,0.72,1.14,0.28,743212
jxl,70,img012,44.0172,0.971199,0.418088,912880,0.73,1.13,0.32,759524
jxl,90,img012,51.5287,0.993254,0.740046,1615863,0.86,1.2,0.42,769272
jxl,30,img013,33.2694,0.905356,0.430921,938421,0.87,1.21,0.32,760680
jxl,50,img013,34.8024,0.920632,0.582526,1268574,0.96,1.25,0.36,769048
jxl,70,img013,36.9752,0.939599,0.85243,1856348,0.98,1.42,0.4,787144
jxl,90,img013,45.4542,0.986831,1.791927,3902301,0.93,1.49,0.37,829120
jxl,30,img014,25.1372,0.774466,0.782964,1195216,0.65,0.99,0.25,564012
jxl,50,img014,27.0556,0.810593,1.077321,1644560,0.7,1.05,0.26,573828
jxl,70,img014,29.5673,0.863274,1.554866,2373546,0.62,1.03,0.24,589488
jxl,90,img014,39.7367,0.983599,2.816697,4299767,0.66,1.13,0.25,618564
jxl,30,img015,38.1468,0.922639,0.12047,313431,0.85,1.22,0.39,878996
jxl,50,img015,39.168,0.937594,0.203406,529208,0.87,1.34,0.37,888076
jxl,70,img015,41.2967,0.96165,0.383246,997104,0.86,1.35,0.36,906356
jxl,90,img015,49.9961,0.993459,1.049739,2731139,0.97,1.53,0.41,945276
jxl,30,img016,38.7032,0.93283,0.19731,410899,0.65,0.95,0.28,710536
jxl,50,img016,40.1795,0.949848,0.276945,576737,0.63,0.93,0.26,715480
jxl,70,img016,42.1609,0.965803,0.408338,850363,0.65,0.95,0.28,722080
jxl,90,img016,49.5979,0.990442,0.964196,2007938,0.68,1.03,0.29,748964
jxl,30,img017,36.7097,0.933709,0.136152,327544,0.68,0.99,0.3,809908
jxl,50,img017,37.9819,0.944186,0.192275,462558,0.68,0.98,0.31,814352
jxl,70,img017,39.9615,0.959383,0.303827,730920,0.7,1.04,0.31,822568
jxl,90,img017,48.0963,0.989912,0.798491,1920941,0.74,1.13,0.32,853020
jxl,30,img018,31.1269,0.831757,0.332841,991380,1.21,1.62,0.43,1032928
jxl,50,img018,32.5544,0.866799,0.467523,1392534,1.03,1.54,0.47,1044476
jxl,70,img018,34.717,0.910555,0.718141,2139011,1.22,1.85,0.48,1068784
jxl,90,img018,43.9698,0.985708,1.625951,4842958,1.28,1.97,0.57,1126400
jxl,30,img019,27.296,0.780714,0.557119,1247662,0.71,1.1,0.32,816668
jxl,50,img019,29.3934,0.840936,0.852448,1909047,0.72,1.15,0.32,834708
jxl,70,img019,32.0434,0.90862,1.337631,2995608,0.86,1.35,0.36,857924
jxl,90,img019,42.3398,0.98958,2.524001,5652470,0.84,1.47,0.37,892720
jxl,30,img020,28.1743,0.851033,0.738528,3873604,1.91,2.99,0.72,1899520
jxl,50,img020,32.1799,0.952404,1.144417,6002506,1.98,3.13,0.79,1957504
jxl,70,img020,37.4931,0.985927,1.477931,7751802,2.05,3.29,0.81,1984060
jxl,90,img020,45.2505,0.997222,2.118805,11113204,2.12,3.45,0.81,2020376
jxl,30,img021,37.5543,0.944442,0.174478,286761,0.54,0.79,0.24,561792
jxl,50,img021,38.8488,0.953152,0.229852,377771,0.58,0.82,0.24,564372
jxl,70,img021,40.5762,0.962218,0.3374,554531,0.55,0.82,0.24,568692
jxl,90,img021,48.6345,0.990421,0.952603,1565641,0.59,0.95,0.24,599496
jxl,30,img022,43.787,0.973085,0.046254,57059,0.33,0.52,0.16,416440
jxl,50,img022,44.5886,0.975754,0.059961,73968,0.34,0.53,0.17,416956
jxl,70,img022,45.6385,0.979486,0.092896,114596,0.35,0.59,0.17,417728
jxl,90,img022,53.5792,0.99509,0.286406,353310,0.35,0.55,0.18,424120
jxl,30,img023,30.2075,0.649473,0.101869,173800,0.46,0.68,0.22,582312
jxl,50,img023,30.4092,0.66528,0.172449,294217,0.47,0.68,0.24,588480
jxl,70,img023,31.8985,0.795493,0.408783,697429,0.5,0.81,0.21,609220
jxl,90,img023,41.9057,0.976535,1.280171,2184115,0.59,0.91,0.23,646748
jxl,30,img024,39.8309,0.930849,0.13219,293702,0.72,0.97,0.28,750868
jxl,50,img024,40.5122,0.936423,0.173309,385060,0.7,1.0,0.27,752116
jxl,70,img024,41.3231,0.943422,0.249899,555228,0.7,0.99,0.29,755940
jxl,90,img024,46.8339,0.982402,0.750346,1667126,0.74,1.11,0.27,789220
jxl,30,img025,35.0708,0.961884,0.255766,707142,0.93,1.32,0.38,938772
jxl,50,img025,36.9386,0.970441,0.337716,933716,0.86,1.26,0.36,943460
jxl,70,img025,39.4708,0.977618,0.472904,1307484,0.96,1.39,0.42,952224
jxl,90,img025,47.6537,0.990688,0.933096,2579823,0.96,1.46,0.4,975376
jxl,30,img026,39.9212,0.9652,0.222478,584735,0.79,1.17,0.33,893172
jxl,50,img026,43.7493,0.984504,0.354967,932956,0.81,1.17,0.35,906356
jxl,70,img026,48.9723,0.994584,0.472442,1241714,0.82,1.18,0.36,911172
jxl,90,img026,56.6474,0.998663,0.689154,1811295,0.82,1.22,0.34,917288
jxl,30,img027,42.8061,0.957138,0.077993,130818,0.52,0.73,0.19,567968
jxl,50,img027,43.4019,0.960697,0.116184,194877,0.59,0.83,0.25,570040
jxl,70,img027,44.3702,0.967071,0.21684,363708,0.53,0.76,0.22,577136
jxl,90,img027,49.5498,0.987812,0.726203,1218069,0.58,0.84,0.27,602320
jxl,30,img028,39.3424,0.912191,0.068713,206139,0.9,1.38,0.42,1004748
jxl,50,img028,39.7736,0.917087,0.097827,293480,0.91,1.33,0.41,1006808
jxl,70,img028,40.6431,0.930702,0.180689,542066,0.88,1.3,0.38,1016264
jxl,90,img028,47.0955,0.983477,0.675194,2025583,0.93,1.45,0.38,1060648
jxl,30,img029,36.7263,0.900424,0.131026,221106,0.55,0.83,0.25,574148
jxl,50,img029,37.7091,0.912168,0.180785,305075,0.52,0.75,0.22,576596
jxl,70,img029,39.1367,0.929421,0.283654,478666,0.54,0.81,0.22,581888
jxl,90,img029,45.1619,0.976792,0.81761,1379717,0.63,0.92,0.26,608680
jxl,30,img030,30.5118,0.894062,0.384398,498199,0.42,0.67,0.18,454320
jxl,50,img030,32.2732,0.917255,0.523504,678487,0.44,0.67,0.2,459184
jxl,70,img030,34.9638,0.94413,0.761763,987283,0.44,0.7,0.2,466604
jxl,90,img030,43.4832,0.982613,1.403659,1819212,0.46,0.75,0.2,480048
jxl,30,img031,39.5483,0.965591,0.083427,439842,1.39,2.15,0.67,1740384
jxl,50,img031,40.8889,0.971678,0.107469,566596,1.43,2.3,0.67,1743004
jxl,70,img031,42.7493,0.977596,0.147859,779540,1.41,2.25,0.66,1747872
jxl,90,img031,48.4741,0.98974,0.344269,1815047,1.4,2.15,0.66,1771436
jxl,30,img032,44.5224,0.975733,0.061573,137891,0.64,0.97,0.29,746916
jxl,50,img032,45.3704,0.977889,0.076905,172228,0.72,1.07,0.31,747416
jxl,70,img032,46.2185,0.979622,0.10476,234609,0.83,1.15,0.39,748392
jxl,90,img032,49.6889,0.988354,0.330445,740028,0.84,1.16,0.41,762660
jxl,30,img033,39.0261,0.900602,0.064495,209272,1.42,1.73,0.51,1086940
jxl,50,img033,39.2478,0.903552,0.088393,286816,1.26,1.58,0.61,1088392
jxl,70,img033,39.9431,0.916773,0.165843,538126,1.27,1.81,0.53,1099312
jxl,90,img033,47.6353,0.985678,0.73634,2389275,1.29,1.99,0.6,1160620
jxl,30,img034,35.2684,0.808607,0.16475,408763,0.85,1.25,0.36,855664
jxl,50,img034,35.9811,0.839339,0.306272,759896,1.33,1.48,0.44,874800
jxl,70,img034,38.0399,0.908258,0.657189,1630561,1.56,1.73,0.41,915296
jxl,90,img034,48.2898,0.990392,1.777652,4410560,1.66,1.8,0.44,971524
jxl,30,img035,40.491,0.973989,0.14256,179261,0.55,0.6,0.21,431696
jxl,50,img035,42.0146,0.980221,0.192942,242614,0.5,0.69,0.23,432896
jxl,70,img035,44.4943,0.986456,0.287932,362058,0.43,0.61,0.21,435784
jxl,90,img035,51.8917,0.994665,0.6336,796715,0.5,0.73,0.25,444496
jxl,30,img036,41.5974,0.96431,0.069244,91980,0.38,0.57,0.21,450300
jxl,50,img036,42.6008,0.968621,0.089696,119147,0.38,0.56,0.2,450676
jxl,70,img036,43.815,0.973313,0.131847,175138,0.4,0.58,0.18,451576
jxl,90,img036,48.8581,0.988433,0.391038,519430,0.41,0.66,0.19,462332
jxl,30,img037,42.8947,0.962271,0.06593,98433,0.52,0.75,0.25,504132
jxl,50,img037,43.6524,0.966005,0.087567,130737,0.49,0.72,0.22,504680
jxl,70,img037,44.5889,0.970228,0.127271,190015,0.49,0.75,0.2,505840
jxl,90,img037,50.0675,0.989382,0.500656,747475,0.51,0.77,0.25,526448
jxl,30,img038,39.6123,0.944577,0.05754,142914,0.69,1.1,0.33,824300
jxl,50,img038,40.5042,0.952353,0.072985,181276,0.68,1.08,0.32,824940
jxl,70,img038,41.9805,0.961604,0.105896,263020,0.69,1.11,0.34,826116
jxl,90,img038,46.7338,0.982993,0.270232,671188,0.7,1.12,0.34,835396
jxl,30,img039,42.6937,0.968155,0.091644,142422,0.47,0.74,0.21,522892
jxl,50,img039,43.814,0.973282,0.121852,189368,0.47,0.74,0.21,524192
jxl,70,img039,45.2328,0.978443,0.174771,271609,0.47,0.71,0.24,525384
jxl,90,img039,50.0136,0.990454,0.45984,714630,0.5,0.8,0.19,537604
jxl,30,img040,27.6041,0.463416,0.156889,159427,0.35,0.52,0.15,360124
jxl,50,img040,28.3719,0.584752,0.379131,385263,0.36,0.54,0.17,375740
jxl,70,img040,31.1161,0.831126,0.889351,903736,0.41,0.63,0.2,397496
jxl,90,img040,41.9261,0.98639,2.122334,2156663,0.5,0.8,0.25,413756
jxl,30,img041,38.144,0.906276,0.079839,190646,0.73,1.12,0.32,805484
jxl,50,img041,38.8606,0.915691,0.106023,253171,0.73,1.09,0.34,807444
jxl,70,img041,40.1325,0.93199,0.166454,397472,0.75,1.16,0.34,810992
jxl,90,img041,46.469,0.981226,0.647226,1545500,0.79,1.27,0.36,848372
jxl,30,img042,28.9706,0.626838,0.294191,496227,0.57,0.87,0.29,597304
jxl,50,img042,30.292,0.740255,0.539128,909374,0.69,1.15,0.33,616680
jxl,70,img042,33.3969,0.894694,0.983167,1658357,0.62,1.02,0.29,639916
jxl,90,img042,43.9519,0.990666,2.079877,3508232,0.65,1.07,0.31,661732
jxl,30,img043,41.6375,0.961288,0.078748,146385,0.57,0.86,0.29,624132
jxl,50,img043,42.6647,0.965526,0.096604,179577,0.57,0.86,0.3,624644
jxl,70,img043,43.6945,0.969087,0.13593,252680,0.57,0.83,0.31,625960
jxl,90,img043,47.9829,0.985339,0.419368,779561,0.6,0.88,0.31,642476
jxl,30,img044,45.2071,0.994459,0.062648,140299,0.54,0.87,0.33,742916
jxl,50,img044,47.2844,0.996398,0.081264,181989,0.56,0.91,0.33,743812
jxl,70,img044,50.3277,0.997816,0.115652,259002,0.56,0.88,0.39,745396
jxl,90,img044,59.877,0.999353,0.216082,483913,0.6,0.98,0.35,748820
jxl,30,img045,45.0568,0.973115,0.050772,133444,0.81,1.21,0.42,876200
jxl,50,img045,45.4841,0.974647,0.062873,165248,0.82,1.21,0.43,876068
jxl,70,img045,46.0388,0.976562,0.089237,234541,0.81,1.25,0.38,877492
jxl,90,img045,51.6638,0.992237,0.391398,1028706,0.83,1.3,0.43,907684
jxl,30,img046,31.2648,0.668174,0.097942,247942,0.89,1.26,0.39,857016
jxl,50,img046,32.0961,0.724626,0.168056,425438,0.97,1.5,0.43,862444
jxl,70,img046,33.9707,0.835747,0.314681,796620,0.96,1.39,0.4,877060
jxl,90,img046,41.0448,0.970155,0.923332,2337434,1.03,1.57,0.42,915588
jxl,30,img047,42.4855,0.970303,0.144686,434058,0.93,1.32,0.39,1011308
jxl,50,img047,43.8721,0.976639,0.189456,568368,0.99,1.4,0.39,1014440
jxl,70,img047,45.6412,0.982475,0.268164,804492,0.98,1.39,0.4,1018740
jxl,90,img047,52.3901,0.993961,0.707308,2121924,0.99,1.45,0.4,1052984
jxl,30,img048,46.8678,0.983525,0.035743,50652,0.38,0.62,0.21,471692
jxl,50,img048,48.5789,0.988349,0.05263,74582,0.36,0.55,0.2,472668
jxl,70,img048,52.0379,0.994024,0.092917,131673,0.35,0.52,0.19,473960
jxl,90,img048,59.936,0.998943,0.158268,224283,0.36,0.6,0.19,474668
jxl,30,img049,39.9434,0.92896,0.077842,413645,1.54,2.26,0.67,1781080
jxl,50,img049,40.5816,0.938808,0.144144,765969,1.63,2.38,0.67,1799496
jxl,70,img049,42.7873,0.964259,0.330738,1757514,1.67,2.67,0.71,1849788
jxl,90,img049,52.6264,0.994841,1.096233,5825301,1.79,2.96,0.77,1951636
jxl,30,img050,32.3074,0.830422,0.258782,1169448,2.32,2.69,0.72,1552444
jxl,50,img050,33.7001,0.883673,0.406274,1835968,2.34,2.68,0.78,1574684
jxl,70,img050,36.0954,0.93956,0.671971,3036663,1.95,2.88,0.82,1613412
jxl,90,img050,45.9251,0.993328,1.60551,7255362,2.09,3.13,0.9,1704716
jxl,30,img051,31.7023,0.848098,0.319556,851741,0.93,1.3,0.45,918964
jxl,50,img051,32.5362,0.856392,0.428293,1141568,0.94,1.32,0.43,926484
jxl,70,img051,33.8854,0.889355,0.690004,1839129,0.97,1.41,0.44,958160
jxl,90,img051,42.7277,0.985363,1.70705,4549954,1.08,1.67,0.49,1014696
jxl,30,img052,38.1251,0.969523,0.163973,78707,0.16,0.22,0.07,173068
jxl,50,img052,40.0432,0.973508,0.2115,101520,0.16,0.23,0.08,173452
jxl,70,img052,42.197,0.976506,0.28279,135739,0.16,0.25,0.06,174480
jxl,90,img052,49.9062,0.991864,0.740142,355268,0.17,0.26,0.07,180876
jxl,30,img053,27.8569,0.944758,0.726651,1451534,0.85,1.28,0.38,724072
jxl,50,img053,29.7654,0.96315,0.9765,1950625,0.87,1.36,0.32,736860
jxl,70,img053,32.2781,0.979088,1.376645,2749942,0.86,1.36,0.37,756096
jxl,90,img053,41.5403,0.997065,2.561753,5117275,0.94,1.52,0.41,790536
jxl,30,img054,38.0576,0.968579,0.138405,345353,0.77,1.23,0.37,836352
jxl,50,img054,41.0112,0.98087,0.203851,508656,0.75,1.2,0.37,842060
jxl,70,img054,45.669,0.991777,0.273314,681983,0.77,1.25,0.37,845004
jxl,90,img054,52.7181,0.997966,0.399584,997055,0.77,1.24,0.37,846856
jxl,30,img055,35.3874,0.844955,0.097004,193772,0.59,0.94,0.27,671992
jxl,50,img055,37.0154,0.884588,0.195473,390470,0.61,0.99,0.29,680496
jxl,70,img055,41.1196,0.95839,0.308059,615368,0.64,1.02,0.31,688252
jxl,90,img055,49.0128,0.992418,0.461422,921722,0.62,0.93,0.31,691628
jxl,30,img056,35.7192,0.936121,0.104332,288458,0.85,1.39,0.45,920272
jxl,50,img056,37.0002,0.945232,0.136288,376808,0.79,1.22,0.39,922972
jxl,70,img056,40.5933,0.974346,0.231054,638819,0.81,1.33,0.42,931976
jxl,90,img056,48.5322,0.994311,0.396778,1097012,0.78,1.23,0.38,937740
jxl,30,img057,32.5151,0.814896,0.192007,722559,1.2,1.86,0.5,1277936
jxl,50,img057,33.5159,0.827009,0.262179,986633,1.23,1.92,0.55,1286692
jxl,70,img057,35.0502,0.858951,0.414521,1559924,1.26,1.96,0.56,1307156
jxl,90,img057,42.5898,0.968799,1.085913,4086506,1.33,2.14,0.58,1372184
jxl,30,img058,37.4937,0.957474,0.150087,210306,0.46,0.69,0.21,477092
jxl,50,img058,38.491,0.961932,0.193096,270572,0.44,0.65,0.2,478312
jxl,70,img058,40.0606,0.967137,0.278264,389912,0.47,0.72,0.21,481708
jxl,90,img058,47.4332,0.986924,0.68603,961287,0.47,0.72,0.21,496420
jxl,30,img059,38.1439,0.909213,0.096304,240015,0.72,1.08,0.35,833820
jxl,50,img059,38.6655,0.912683,0.125965,313937,0.74,1.01,0.32,835524
jxl,70,img059,39.5704,0.924804,0.193946,483364,0.71,1.06,0.36,839280
jxl,90,img059,44.7992,0.975771,0.6033,1503578,0.74,1.16,0.32,870360
jxl,30,img060,32.9597,0.892917,0.202783,464103,0.68,1.01,0.28,776592
jxl,50,img060,34.2483,0.904376,0.260597,596418,0.72,0.99,0.29,779852
jxl,70,img060,35.8386,0.916584,0.356598,816133,0.68,1.01,0.29,786240
jxl,90,img060,42.9633,0.97194,0.841539,1926001,0.74,1.14,0.31,817012
jxl,30,img061,34.5299,0.898342,0.104112,206228,0.54,0.8,0.26,664104
jxl,50,img061,35.8354,0.918148,0.147372,291920,0.58,0.81,0.25,666920
jxl,70,img061,37.8508,0.946571,0.223402,442521,0.56,0.86,0.25,671060
jxl,90,img061,45.2426,0.986581,0.521074,1032161,0.57,0.86,0.28,684536
jxl,30,img062,38.6018,0.943857,0.075982,194120,0.8,1.21,0.39,851160
jxl,50,img062,39.6641,0.947634,0.094734,242028,0.76,1.23,0.36,852028
jxl,70,img062,40.6553,0.95202,0.134145,342716,0.72,1.09,0.34,854792
jxl,90,img062,45.9313,0.978845,0.407131,1040144,0.78,1.2,0.4,874812
jxl,30,img063,36.5026,0.919371,0.062558,133687,0.66,1.01,0.38,712020
jxl,50,img063,37.4599,0.926002,0.082266,175803,0.62,0.95,0.31,713436
jxl,70,img063,38.7611,0.936697,0.127392,272237,0.61,0.94,0.3,716248
jxl,90,img063,45.3733,0.981314,0.374839,801033,0.6,0.9,0.32,731892
jxl,30,img064,34.9271,0.930935,0.149383,448150,0.95,1.51,0.48,1004036
jxl,50,img064,36.2778,0.939455,0.194031,582094,0.86,1.36,0.42,1007580
jxl,70,img064,38.0292,0.949394,0.276592,829777,0.86,1.33,0.41,1014576
jxl,90,img064,44.9572,0.98038,0.594597,1783790,0.86,1.34,0.4,1033640
jxl,30,img065,37.8132,0.952232,0.173282,214651,0.39,0.55,0.16,427008
jxl,50,img065,39.144,0.957525,0.220455,273087,0.4,0.57,0.19,428288
jxl,70,img065,40.6245,0.962101,0.306383,379529,0.43,0.58,0.16,430980
jxl,90,img065,47.4872,0.986377,0.769025,952622,0.46,0.73,0.2,446592
jxl,30,img066,30.2508,0.831164,0.375734,463387,0.42,0.64,0.18,438652
jxl,50,img066,31.6951,0.85178,0.526328,649112,0.43,0.66,0.17,444020
jxl,70,img066,34.0915,0.900561,0.833872,1028401,0.44,0.66,0.19,455804
jxl,90,img066,44.0729,0.988851,1.747032,2154586,0.46,0.67,0.21,474488
jxl,30,img067,36.5789,0.937065,0.192822,533115,0.83,1.26,0.38,934708
jxl,50,img067,37.7172,0.944599,0.260243,719520,0.86,1.33,0.41,939268
jxl,70,img067,39.4295,0.958976,0.394767,1091452,0.85,1.34,0.34,951896
jxl,90,img067,47.5043,0.989761,0.932631,2578537,0.9,1.4,0.41,987696
jxl,30,img068,32.7023,0.942548,0.087785,212371,0.63,1.02,0.38,804088
jxl,50,img068,33.6882,0.949364,0.117022,283100,0.65,1.05,0.32,806064
jxl,70,img068,35.6635,0.961116,0.174888,423090,0.7,1.11,0.36,809476
jxl,90,img068,44.9134,0.990964,0.361616,874825,0.65,1.1,0.34,817688
jxl,30,img069,31.5269,0.94259,0.459582,604126,0.45,0.69,0.18,466448
jxl,50,img069,33.5941,0.956528,0.607332,798346,0.5,0.74,0.21,470532
jxl,70,img069,36.2892,0.969177,0.850655,1118197,0.52,0.73,0.25,477064
jxl,90,img069,45.5841,0.991401,1.595899,2097829,0.6,0.88,0.25,492176
jxl,30,img070,36.695,0.968473,0.23862,862781,1.21,1.84,0.51,1227616
jxl,50,img070,38.3539,0.971519,0.294811,1065953,1.2,1.87,0.5,1232220
jxl,70,img070,40.3616,0.973664,0.406159,1468556,1.22,1.91,0.53,1240008
jxl,90,img070,47.8932,0.990799,0.925601,3346708,1.28,2.04,0.52,1300132
jxl,30,img071,39.673,0.982468,0.085869,114635,0.44,0.67,0.21,451300
jxl,50,img071,40.5323,0.982624,0.108255,144520,0.42,0.64,0.19,452072
jxl,70,img071,42.2903,0.987128,0.150162,200466,0.4,0.62,0.19,453864
jxl,90,img071,51.484,0.996239,0.380104,507439,0.4,0.63,0.19,460508
jxl,30,img072,37.7477,0.933784,0.200403,601209,0.95,1.45,0.42,1009336
jxl,50,img072,39.7816,0.946959,0.274993,824978,1.07,1.62,0.48,1015272
jxl,70,img072,43.2517,0.976754,0.367392,1102177,1.05,1.51,0.45,1020436
jxl,90,img072,50.9416,0.994998,0.563339,1690016,0.99,1.55,0.44,1024484
jxl,30,img073,31.1815,0.734249,0.197021,539723,0.98,1.41,0.47,939148
jxl,50,img073,31.9876,0.777221,0.320567,878165,0.97,1.44,0.42,952148
jxl,70,img073,34.016,0.867462,0.58451,1601216,1.27,1.81,0.5,978904
jxl,90,img073,43.0446,0.983149,1.452,3977633,1.37,2.0,0.55,1028676
jxl,30,img074,36.3815,0.894927,0.103443,96048,0.36,0.48,0.15,320260
jxl,50,img074,36.8189,0.899052,0.133967,124390,0.33,0.49,0.15,320640
jxl,70,img074,38.0162,0.912177,0.218424,202809,0.34,0.46,0.15,323208
jxl,90,img074,45.6653,0.979122,0.799872,742691,0.38,0.55,0.15,341384
jxl,30,img075,40.8551,0.979997,0.102061,189841,0.58,0.86,0.31,622300
jxl,50,img075,42.3486,0.982713,0.127529,237214,0.89,0.94,0.28,623140
jxl,70,img075,43.8845,0.984131,0.173067,321917,0.77,0.91,0.29,625184
jxl,90,img075,49.7821,0.991823,0.40425,751936,0.98,1.0,0.32,636080
jxl,30,img076,27.4411,0.587464,0.320268,367835,0.51,0.61,0.24,410956
jxl,50,img076,28.7265,0.700846,0.493375,566653,0.47,0.68,0.21,418648
jxl,70,img076,30.9513,0.840674,0.815525,936649,0.73,0.83,0.22,429908
jxl,90,img076,41.1465,0.985163,1.881231,2160637,0.78,0.88,0.24,454472
jxl,30,img077,32.947,0.887399,0.174556,776447,2.22,3.07,0.95,1504248
jxl,50,img077,34.4533,0.906561,0.240709,1070706,2.81,2.98,0.93,1512376
jxl,70,img077,36.43,0.92499,0.356118,1584059,1.8,2.85,0.77,1523984
jxl,90,img077,42.4256,0.962357,0.750941,3340283,1.78,2.93,0.83,1554288
jxl,30,img078,28.2733,0.85599,0.69582,552548,0.39,0.59,0.16,297764
jxl,50,img078,30.365,0.917142,0.959326,761797,0.4,0.6,0.16,302124
jxl,70,img078,33.1913,0.959683,1.38309,1098306,0.49,0.69,0.15,310528
jxl,90,img078,43.0618,0.995623,2.606339,2069683,0.45,0.72,0.17,325800
jxl,30,img079,25.2966,0.826177,0.754115,567973,0.37,0.57,0.13,286740
jxl,50,img079,27.2277,0.897948,1.047677,789074,0.4,0.62,0.17,291224
jxl,70,img079,30.11,0.950314,1.55666,1172422,0.42,0.65,0.16,300948
jxl,90,img079,40.332,0.995158,2.927116,2204601,0.49,0.78,0.2,316056
jxl,30,img080,28.4241,0.856146,0.692625,527929,0.4,0.59,0.16,287604
jxl,50,img080,30.4809,0.914361,0.956746,729246,0.44,0.62,0.19,292212
jxl,70,img080,33.2666,0.958031,1.397436,1065146,0.4,0.62,0.16,299892
jxl,90,img080,43.1726,0.995397,2.661751,2028825,0.45,0.71,0.18,314868
jxl,30,img081,31.286,0.919691,0.213135,283031,0.49,0.8,0.22,457340
jxl,50,img081,32.9185,0.937791,0.28447,377759,0.53,0.84,0.23,460280
jxl,70,img081,35.2563,0.951648,0.416891,553606,0.53,0.86,0.22,464508
jxl,90,img081,42.9101,0.976523,0.825676,1096448,0.75,0.89,0.24,472952
jxl,30,img082,34.8145,0.89373,0.100384,451172,1.81,2.34,0.79,1501084
jxl,50,img082,35.9464,0.900422,0.139952,629008,1.61,2.45,0.85,1504848
jxl,70,img082,37.4064,0.908403,0.194832,875663,1.76,2.55,0.85,1510340
jxl,90,img082,41.9458,0.951741,0.466549,2096881,1.49,2.5,0.77,1540764
jxl,30,img083,37.882,0.942075,0.090675,1606105,6.78,9.59,3.1,5820104
jxl,50,img083,38.908,0.945812,0.111783,1979984,7.64,10.2,3.09,5825320
jxl,70,img083,40.1084,0.949297,0.144212,2554399,6.51,10.18,3.02,5834044
jxl,90,img083,44.0927,0.97021,0.358751,6354483,6.84,11.11,3.23,5927552
jxl,30,img084,35.7056,0.889616,0.170006,303035,0.78,1.17,0.33,606876
jxl,50,img084,36.8281,0.900787,0.221704,395187,0.81,1.22,0.32,608612
jxl,70,img084,38.1197,0.914428,0.30946,551613,0.83,1.29,0.35,611580
jxl,90,img084,43.1774,0.965911,0.741367,1321487,0.75,1.19,0.3,632960
jxl,30,img085,32.7568,0.889268,0.274994,1247221,1.92,2.87,0.76,1543736
jxl,50,img085,34.2193,0.910879,0.349883,1586875,1.95,3.02,0.78,1550284
jxl,70,img085,36.0708,0.933062,0.483877,2194596,1.97,3.04,0.81,1562640
jxl,90,img085,43.1112,0.980042,1.075722,4878873,2.11,3.35,0.83,1629204
jxl,30,img086,38.1486,0.924416,0.063825,572552,2.74,4.22,1.23,2957116
jxl,50,img086,38.8621,0.928582,0.076558,686766,2.78,4.51,1.31,2957504
jxl,70,img086,39.7616,0.934005,0.110128,987911,2.51,3.7,1.08,2963500
jxl,90,img086,43.745,0.963958,0.323371,2900831,2.57,3.84,1.12,3007692
jxl,30,img087,32.4182,0.917633,0.314171,1460843,1.55,2.17,0.6,1585560
jxl,50,img087,33.9689,0.937,0.399824,1859113,1.56,2.17,0.62,1594084
jxl,70,img087,35.8556,0.95392,0.547205,2544411,1.57,2.22,0.61,1606852
jxl,90,img087,43.2833,0.988963,1.186323,5516201,1.67,2.46,0.63,1683228
jxl,30,img088,39.3796,0.961785,0.114538,611748,1.42,2.13,0.65,1770312
jxl,50,img088,40.967,0.970566,0.146974,784989,1.47,2.23,0.68,1775432
jxl,70,img088,42.0717,0.978249,0.21225,1133634,1.44,2.18,0.64,1783012
jxl,90,img088,46.8886,0.993087,0.490518,2619871,1.48,2.3,0.64,1815840
jxl,30,img089,37.074,0.938473,0.154422,650164,1.34,1.91,0.54,1411808
jxl,50,img089,38.3869,0.950418,0.195124,821530,1.34,1.89,0.55,1414892
jxl,70,img089,39.9203,0.960641,0.268025,1128465,1.34,1.92,0.52,1420700
jxl,90,img089,46.0261,0.987355,0.696824,2933839,1.44,2.11,0.59,1471956
jxl,30,img090,31.9841,0.905632,0.269894,853406,1.04,1.47,0.41,1089596
jxl,50,img090,33.6544,0.931968,0.403111,1274636,1.06,1.51,0.41,1103708
jxl,70,img090,36.3974,0.962096,0.660708,2089160,1.1,1.61,0.42,1131796
jxl,90,img090,46.8905,0.995298,1.578287,4990544,1.17,1.79,0.43,1193716
jxl,30,img091,32.599,0.828293,0.215366,2316657,4.24,6.59,1.7,3628864
jxl,50,img091,33.7081,0.849318,0.276343,2972572,4.24,6.48,1.67,3643388
jxl,70,img091,35.1461,0.876759,0.401702,4321036,4.34,6.79,1.75,3673456
jxl,90,img091,41.8875,0.96529,1.009289,10856745,4.54,7.25,1.86,3847924
jxl,30,img092,33.3328,0.892695,0.160293,109320,0.25,0.37,0.13,239720
jxl,50,img092,34.7074,0.911628,0.227116,154893,0.28,0.4,0.13,241008
jxl,70,img092,36.5314,0.932423,0.335805,229019,0.25,0.38,0.11,243056
jxl,90,img092,43.6082,0.976641,0.753802,514093,0.26,0.41,0.11,248812
jxl,30,img093,33.7785,0.86599,0.180956,342916,0.74,1.11,0.34,647304
jxl,50,img093,34.8771,0.883366,0.241007,456715,0.76,1.15,0.32,649712
jxl,70,img093,36.5264,0.912109,0.358584,679525,0.74,1.15,0.33,655968
jxl,90,img093,43.6346,0.976521,0.927839,1758279,0.78,1.27,0.35,685232
jxl,30,img094,27.1025,0.843181,0.551617,1654852,1.3,1.96,0.56,1062168
jxl,50,img094,28.4424,0.864145,0.749122,2247366,1.37,2.15,0.62,1078132
jxl,70,img094,30.5258,0.893304,1.099822,3299465,1.38,2.21,0.61,1109624
jxl,90,img094,39.8416,0.976579,2.055803,6167408,1.52,2.47,0.57,1153656
jxl,30,img095,36.4536,0.890502,0.084649,1627277,10.82,8.41,2.54,6338732
jxl,50,img095,37.2909,0.901853,0.112053,2154079,6.58,8.16,2.37,6351040
jxl,70,img095,38.481,0.916312,0.169557,3259519,5.55,8.14,2.41,6371924
jxl,90,img095,43.2195,0.962354,0.467328,8983799,5.79,8.56,2.47,6529832
jxl,30,img096,34.1342,0.918283,0.239964,194003,0.3,0.38,0.1,284308
jxl,50,img096,35.577,0.929373,0.316892,256197,0.26,0.37,0.11,286096
jxl,70,img096,37.4255,0.942804,0.449803,363651,0.26,0.39,0.1,288792
jxl,90,img096,44.2978,0.977472,0.969194,783562,0.3,0.42,0.11,297616
jxl,30,img097,28.9067,0.74798,0.37473,1026781,1.01,1.32,0.35,959168
jxl,50,img097,30.4471,0.81577,0.547108,1499106,0.94,1.36,0.37,973276
jxl,70,img097,32.7301,0.890028,0.829243,2272173,0.98,1.44,0.35,996272
jxl,90,img097,41.9958,0.982897,1.770317,4850767,1.04,1.58,0.4,1041888
jxl,30,img098,35.5009,0.859693,0.108149,636042,1.71,2.48,0.72,1959960
jxl,50,img098,36.4435,0.88009,0.142329,837063,1.73,2.47,0.75,1966160
jxl,70,img098,37.7972,0.906834,0.21971,1292153,1.75,2.58,0.7,1978560
jxl,90,img098,43.6397,0.969525,0.636385,3742701,1.81,2.69,0.77,2044304
jxl,30,img099,29.475,0.749382,0.319068,288327,0.32,0.49,0.1,321588
jxl,50,img099,30.8908,0.811722,0.455588,411694,0.32,0.45,0.12,325548
jxl,70,img099,32.9704,0.882989,0.690165,623670,0.33,0.49,0.1,331316
jxl,90,img099,41.8181,0.980289,1.536873,1388801,0.36,0.56,0.12,348340
jxl,30,img100,36.8641,0.82972,0.031535,47303,0.43,0.62,0.19,505652
jxl,50,img100,36.9476,0.830234,0.035964,53946,0.45,0.62,0.19,505480
jxl,70,img100,37.0969,0.834486,0.054249,81374,0.43,0.63,0.18,506544
jxl,90,img100,43.1135,0.960282,0.526157,789236,0.48,0.72,0.2,542240
